codigo	paraje	poligonos	parcelas_en_la_muestra
1	ADOVIRAS	1	1
2	BLANCA	3	1
3	BOCAS GRANDES	1	13
5	BOTIJOS	1	1
6	CANTO	1	1
7	CANTO BLANCO	1	5
8	CMNO STA CRISTINA	1	3
9	CORONAS	3	6
11	EL BARRERO	1	1
12	EL CHOPO	1	1
13	EL FORO NUEVO	1	5
14	EL MATO	3+4	63
15	EL PRADO	1	4
16	EL SANTO	1	10
17	ERAS DE ARRIBA	1	5
18	GATINAL	3	6
19	HUERTAS	3	1
20	I BARCAS	3	2
21	LA ENCINA	1	7
22	LA VEGA	1	11
23	LAS ABAD	1	5
24	LAS ADOBERAS	1	3
25	LAS BARTOLAS	1	7
26	LAS BOTIJAS	1	4
27	LAS CALIENTES	3	3
28	LAS CASCAJALOSAS	1	3
29	LAS LIEBRES	1	6
30	LAS MAÑANINAS	1	3
31	LAS PART	1	3
32	LAS QUEMADAS	1	5
33	LAS VECILLAS	1+3	4
34	LOS MONASTERIOS	1	3
35	LOS SUMIDEROS	1	6
36	MAÑANAS	3	4
37	MONTE CERVATO	2	7
39	PICO DEL GRAJO	1	5
40	RINCONADA	3	5
41	TAMARALES	3	2
42	TRAS DEL CORRALON	1	5
43	TRAS LA ALAMEDA	1	3
