paraje	cod	parcelas_muestreadas	sup_muestreada_ha	lat	lon	dist_m_al_casco_de_colinas
LOS ARROTOS	6	63	36.57	41.99026	-5.78525	2465
ARENALES	5	51	20.35	41.97585	-5.79519	3287
PRADO	143	50	34.71	41.98140	-5.79030	2912
VEGAS A	162	41	25.45	41.97327	-5.79459	3573
RASO	147	32	11.22	41.95494	-5.76497	6521
VILLAR	168	29	6.87	41.96091	-5.78933	5014
MANGAS	130	27	11.81	41.98971	-5.79107	2143
TOMILLAR	160	25	5.32	41.96577	-5.79379	4386
CASTILLO	86	23	4.93	41.97435	-5.78185	3951
C BOSQUE	18	21	2.34	41.99664	-5.78865	1859
VENANCIA	165	19	1.52	41.96556	-5.79077	4486
P SIMON	137	18	0.66	41.96829	-5.79223	4161
EL QUIÑON	146	18	9.70	41.95414	-5.79081	5697
BARCIAL	12	18	10.97	41.93953	-5.79257	7248
P REVILL	136	16	1.40	41.97810	-5.80408	2859
VEGAS B	163	16	7.16	41.98410	-5.80330	2214
REDONDAL	148	14	1.02	41.95404	-5.77968	6017
BARRIALE	13	13	28.62	42.00108	-5.78741	1816
CORRAL	91	12	9.93	41.95770	-5.79657	5201
CAMINO DE SERVICIO	50	12	5.51	41.99153	-5.79764	1638
LADERAS	128	12	12.99	41.96297	-5.77458	5338
BODEGAS	16	11	2.51	41.99661	-5.79669	1284
PRESA	144	10	0.88	41.96762	-5.79414	4181
BAJOS	9	10	4.99	41.98862	-5.79473	2041
MONTICO	132	10	8.83	41.96239	-5.76765	5717
FRIERA	120	10	7.58	41.93702	-5.80158	7422
SAN JUAN	152	9	11.02	41.97882	-5.78054	3624
BILLAR	15	9	8.43	41.96183	-5.78385	5086
C S COLO	21	9	8.25	41.95304	-5.77070	6451
SIERRO	153	9	10.13	41.94711	-5.77700	6813
HUERTA	125	9	2.42	41.94518	-5.79030	6673
CORDERAS	90	8	12.64	41.97254	-5.77356	4530
ALTURA	4	8	6.70	41.97914	-5.78135	3554
GATINAS	121	8	0.83	41.96443	-5.78882	4660
B ESPINO	8	7	10.47	41.97262	-5.79539	3620
ALTO	3	7	33.80	41.96930	-5.77446	4765
PALEROS	138	7	7.91	41.96845	-5.79025	4201
MAYUELO	131	7	6.65	41.95727	-5.77521	5858
COLORADA	89	7	8.43	41.94901	-5.77430	6711
FONDICO	119	7	12.24	41.94200	-5.80146	6871
PARTIJAS	140	6	3.80	41.97057	-5.78135	4325
C BARCA	17	6	7.28	41.96851	-5.78952	4218
HUERGA	124	6	2.94	41.98190	-5.80582	2421
CARRALES	80	5	8.21	41.98282	-5.78372	3117
C MOZAR	20	5	4.40	41.96772	-5.77757	4760
GATINERA	122	5	6.14	41.98612	-5.80014	2074
VEGUELLINA	164	5	3.08	41.98998	-5.80012	1681
ERMITA	118	5	4.18	41.94855	-5.79427	6236
VENTAS	166	5	0.87	42.00100	-5.78848	1730
LA VEGA	127	5	3.45	41.95705	-5.78275	5609
COLMENAS	88	5	6.73	41.94142	-5.80412	6919
DESAGUE	96	5	0.47	41.94791	-5.77860	6681
HUERTA CALIXTO	126	4	2.77	41.99028	-5.77935	2869
CALABACE	23	4	2.38	41.97112	-5.77822	4418
CHINARREROS	87	4	4.38	41.97612	-5.79362	3307
ZAMORANO	170	4	1.16	41.97004	-5.79729	3850
CASCAJAL	85	4	0.30	41.96960	-5.79233	4021
P BELECI	135	4	0.11	41.96862	-5.79121	4155
ENTREPRADOS	117	4	16.69	41.96493	-5.78173	4853
CAGALLA	22	4	3.01	41.99824	-5.79283	1471
SAN BLAS	150	4	0.72	41.95440	-5.77843	6024
T C MILL	155	4	0.64	41.95318	-5.76905	6505
AGUILONE	2	3	4.11	41.98030	-5.77723	3691
VIÑA	169	3	3.52	41.97724	-5.79202	3248
P BARCA	134	3	0.79	41.96917	-5.79542	3985
RIO TERA	149	3	32.26	41.95829	-5.78826	5318
CAMINO C	44	3	0.67	41.96248	-5.77101	5547
CALLEJA	24	3	0.21	41.99407	-5.79583	1522
ACEQUIA	1	3	0.39	41.98613	-5.80410	1979
TENDALES	159	3	1.96	41.95090	-5.77273	6581
T ESPINO	158	3	21.18	41.94711	-5.76891	7101
T C BURGOS	154	3	1.40	41.95176	-5.77887	6277
MALPREND	129	2	2.05	41.98344	-5.77926	3330
BARCA	11	2	2.00	41.97373	-5.78985	3677
BENAVENTE	14	2	0.37	41.97592	-5.77667	4077
T CABAÑA	157	2	6.41	41.98394	-5.77474	3582
CAMINO B	43	2	1.40	41.96430	-5.77180	5344
BANCARRO	10	2	0.21	41.99357	-5.79615	1542
VALETAN	161	2	3.88	41.94948	-5.76747	6928
CARBONER	79	2	2.23	41.94266	-5.79304	6898
ERROR		2	0.22	41.95454	-5.77588	6102
DESAGUE DEL CM FRIERA	99	2	0.66	41.93996	-5.79353	7186
ARROYO CASTRON	7	2	0.68	41.94269	-5.78567	7038
C MANGAN	19	1	0.75	41.97686	-5.77635	4017
CURATAS	95	1	0.99	41.97794	-5.79641	3034
CAMINO A-3	37	1	0.59	41.96824	-5.78692	4333
CAMINO A-6	41	1	0.89	41.97631	-5.79582	3221
CAMINO A-8	42	1	1.44	41.97496	-5.79885	3288
CAMINO F-2	55	1	0.06	41.98451	-5.79076	2604
CAMINO G	57	1	0.54	41.98950	-5.78014	2860
DESAGUE LOS JARALES	110	1	0.10	41.98704	-5.77944	3064
CAMINO D	49	1	0.47	41.96881	-5.77567	4750
DESAGUE LOS CEREZOS	109	1	0.04	41.96888	-5.77745	4659
DESAGUE AQUILONES	97	1	0.03	41.97809	-5.78506	3459
CR MOZAR A VECILLA	93	1	1.17	41.98075	-5.78540	3204
VILLAFIN	167	1	1.02	41.99417	-5.77771	2798
N-525	173	1	2.90	41.99958	-5.78856	1757
CANAL ACEQUIA	78	1	0.18	41.99309	-5.79870	1447
PALOMARE	139	1	1.32	41.95556	-5.77127	6184
PLANTIO	141	1	1.79	41.95034	-5.76156	7103
HILERAS	123	1	0.23	41.95460	-5.77789	6023
T C S CO	156	1	0.06	41.95302	-5.77495	6288
NC	0	1	0.05	41.95328	-5.77804	6151
CAMINO K	64	1	0.80	41.93873	-5.80064	7240
DESAGUE RAYA BURGANES	114	1	0.13	41.93695	-5.79367	7513
CAMINO I	60	1	0.39	41.93971	-5.78998	7271
CAMINO L-1 L-2	66	1	0.13	41.94119	-5.80054	6968
CAMINO N-2-1	70	1	0.06	41.94421	-5.80226	6620
CAMINO O-5	75	1	0.39	41.94407	-5.79410	6728
CAMINO O	72	1	0.93	41.94633	-5.79091	6536
ZA-100	172	1	1.86	41.94739	-5.78781	6487
CAMINO P	77	1	0.38	41.95058	-5.78841	6132
CAMINO A-1-1	29	1	0.54	41.95027	-5.78037	6382
DESAGUE LAS COLORADAS	108	1	0.05	41.94839	-5.77918	6612
DESAGUE DEL REGATON	102	1	0.03	41.94995	-5.77746	6508
CAMINO F	54	1	0.09	41.95147	-5.77597	6405
DESAGUE DEL VALENTAN	104	1	0.03	41.94935	-5.77051	6819
DESAGUE DEL MILLES	101	1	0.09	41.95047	-5.76770	6822
CAMINO A-2	35	1	0.24	41.95494	-5.77520	6088
CAMINO	25	1	0.11	41.95539	-5.77635	6000
CAMINO C-1-2	46	1	0.23	41.95686	-5.76481	6353
DESAGUE LOS PALOMARES	111	1	0.11	41.95645	-5.77045	6134
CAMINO A	27	1	1.54	41.96024	-5.77828	5448
CAMINO A-4-1	40	1	0.47	41.96243	-5.77496	5373
DESAGUE DEL SANTIAGO	103	1	0.12	41.96251	-5.77387	5413
CAMINO A-1	28	1	0.09	41.95576	-5.77972	5842
CAMINO A-2-1	36	1	0.43	41.95638	-5.77209	6072
