numero	codigo	titulo	autores	paginas	acceso
2004, Nº 14	1395741	Acerca de la génesis de los Comentarios al Apocalipsis debidos a Beato de Liébana	Hermenegildo García-Aráez Ferrer	11-36	abierto
2004, Nº 14	1395762	Algunas viejas fotos inéditas de Villalpando	Fernando Regueras Grande	37-50	abierto
2004, Nº 14	1395783	El segundo Fuero de León y el alfoz de la ciudad	Juan José Sánchez Badiola	51-68	abierto
2004, Nº 14	1396336	Notas sobre el llamado "Castillo de Santibáñez" de Benavente	Rafael González Rodríguez	69-84	abierto
2004, Nº 14	1396337	El escudo de Benavente	José Ignacio Martín Benito	85-106	abierto
2004, Nº 14	1396338	La cofradía de San Antonio de Padua de labradores de la villa de Benavente en el siglo XVIII	Fernando Manzano Ledesma	107-122	abierto
2004, Nº 14	1396339	Notas sobre la represión física, económica y laboral en la ciudad de Benavente durante la Guerra Civil y postguerra (1936-1943)	Cándido Ruiz González	123-154	abierto
2004, Nº 14	1396340	El testamento de Francisco Suárez	Juan Carlos de la Mata Guerra	155-174	abierto
2004, Nº 14	1396341	Repertorio bibliográfico de los valles de Benavente (siglos XIX-XX)	Emiliano Pérez Mencía	175-188	abierto
2004, Nº 14	1396342	La educación musical en Benavente durante la Restauración (1875-1902)	Alfredo Llamas Gallego	189-208	abierto
2004, Nº 14	1396343	Fabrique de Castilla	Roxana Pérez Hidalgo	209-236	abierto
2004, Nº 14	1396344	Mortalidad de lobos en Zamora (1972 - 2000)	José Ignacio Regueras Grande	237-264	abierto
2004, Nº 14	1396345	Noticia de tres lipsanotecas de la iglesia de Santa Marta de Tera	Ángel Panizo Delgado	265-276	abierto
2004, Nº 14	3244765	Tipografía y diseño editorial en Zamora	Fernando Regueras Grande	277-283	abierto
2004, Nº 14	3244768	Fragmentos de libros, bibliotecas de fragmentos	Rafael González Rodríguez; Ana Suárez González	282-284	abierto
2003, Nº 13	1396402	Notas para pensar y andar la Vía de la Plata en la región de Benavente	Jorge Santiago Pardo	11-44	abierto
2003, Nº 13	1399569	Las estructuras territoriales en el nordeste de Zamora, entre la Antigüedad y la Edad Media	Iñaki Martín Viso	45-76	abierto
2003, Nº 13	1399574	Repertorio bibliográfico sobre los valles de Benavente	Emiliano Pérez Mencía	77-90	abierto
2003, Nº 13	1399577	La venta de Villafáfila al Marqués de Tábara	Elías Rodríguez Rodríguez	91-120	abierto
2003, Nº 13	1399579	La labor benéfico-social y las ayudas mutuas en la Cofradía de las Animas del Purgatorio de la villa de Benavente según sus Ordenanzas de 1552	Fernando Manzano Ledesma; María del Carmen Ansón Calvo	121-132	abierto
2003, Nº 13	1399582	Casa de doña Soledad González y su archivo familiar	Juan Carlos de la Mata Guerra	133-154	abierto
2003, Nº 13	1399586	Pleitos civiles del concejo de la Puebla de Sanabria en la Real Chancillería de Valladolid	José Ignacio Martín Benito	155-168	abierto
2003, Nº 13	1399589	Don Agustín González Pisador	Damián Yáñez Neira	169-184	abierto
2003, Nº 13	1399592	La ermita de La Soledad de Benavente, la cofradía de la Cruz y la capellanía del mismo nombre	Juan Carlos de la Mata Guerra	185-206	abierto
2003, Nº 13	1399596	El acceso a la Educación Secundaria durante la Restauración (1878-1890)	Alfredo Llamas Gallego	207-226	abierto
2003, Nº 13	1399599	La depuración de los empleados municipales durante la Guerra Civil (1936-1939)	Cándido Ruiz González	227-244	abierto
2003, Nº 13	1399600	Venticinco años después	Fernando Regueras Grande	245-252	abierto
2003, Nº 13	1399604	El Museo de Benavente y los Valles	Luis A. Grau Lobo	253-260	abierto
2003, Nº 13	1399606	Algunas anotaciones sobre la poesía	Roxana Pérez Hidalgo	261-276	abierto
2003, Nº 13	1399609	El círculo se estrecha	Luis A. Grau Lobo	277-280	abierto
2003, Nº 13	1399655	Una nueva obra de la "escuela de Toro" en Valderas (León)	Irune Fiz Fuertes	281-288	abierto
2003, Nº 13	3244756	"De las Cortes Históricas a los Parlamentos Democráticos. Castilla y León, s. XII-XXI"	Juan Carlos de la Mata Guerra; Eduardo Fuentes Ganzo; José Luis Martín Rodríguez	289-291	abierto
2003, Nº 13	3244761	"Fragmentos del Leviatán	Rafael González Rodríguez; Iñaki Martín Viso	291-294	abierto
2002, Nº 12	1399548	Nicasio Rodríguez Durán (1929-2002)	Fernando Regueras Grande	7-14	-
2002, Nº 12	1399552	Intervenciones artísticas de los condes de Benavente en Villalón (1434-1586)	Carlos Duque Herrero	15-42	abierto
2002, Nº 12	1399556	Estampa calcográfica en raso del virrey Palafox en biblioteca particular de Benavente	Fernando Regueras Grande	43-54	abierto
2002, Nº 12	1400238	A propósito de Santo Domingo de Benavente	Ramón Pérez de Castro	55-78	abierto
2002, Nº 12	1400239	Emisiones monetarias del siglo VI d. C. con leyenda LATINA MVNITA	Antonio Roma Valdés	79-84	abierto
2002, Nº 12	1400240	Repertorio bibliográfico sobre los valles de Benavente (siglo VI-XV)	Emiliano Pérez Mencía	85-106	abierto
2002, Nº 12	1400242	Aranceles del portazgo y castillaje del Concejo de Benavente	Rafael González Rodríguez	107-124	abierto
2002, Nº 12	1400247	Los caminos a Galicia desde Benavente hasta finales del siglo XVIII	José Ignacio Martín Benito	125-176	abierto
2002, Nº 12	1400248	Nuevos hallazgos prerrománicos en Santa Eulalia de Tábara	Fernando Regueras Grande	177-182	abierto
2002, Nº 12	1400249	Artesonados de procedencia zamorana en el Museo Nacional de Escultura (I)	Miguel Angel Marcos Villán	183-188	abierto
2002, Nº 12	1400252	Entre Benavente y Los Angeles	Mercedes Simal López	189-192	abierto
2002, Nº 12	1400254	El órgano de Santa María de Renueva	Juan Carlos de la Mata Guerra	193-198	abierto
2002, Nº 12	1400256	Posibilidades de conservación de la arquitectura popular	Emilio Ganado Abad	199-210	abierto
2002, Nº 12	1400261	Un museo en una torre de Villalpando	Tomás Osorio Burón	211-216	abierto
2002, Nº 12	3244710	La circulación monetaria en los valles de Benavente (Zamora)	Luis Sagredo San Eustaquio; Isabel Rodríguez Casanova	217-220	abierto
2002, Nº 12	3244712	"El reino de León en la época de las Cortes de Benavente"	Iñaki Martín Viso	220-222	abierto
2002, Nº 12	3244715	El obispado de Astorga en el siglo XIII	Rafael González Rodríguez; Augusto Quintana Prieto	222-224	abierto
2002, Nº 12	3244720	Valladolid, capital de la Corte	Fernando Regueras Grande; Jesús Urrea Fernández	225-226	abierto
1996, Nº 6	1400307	El yacimiento calcolítico de Las Peñas en Quiruelas de Vidriales (Zamora)	Joaquín Blanco Majado; José Ignacio Martín Benito	11-30	abierto
1996, Nº 6	1400310	Estudio geomorfológico del yacimiento protohistórico de Los Cuestos de la Estación, Benavente (Zamora)	Jesús Francisco Jordá Pardo	31-56	abierto
1996, Nº 6	1400315	Arqueología aérea de la Dehesa de Morales en Fuentes de Ropel (Zamora)	Julio del Olmo Martín	57-76	abierto
1996, Nº 6	1400318	Dedicaciones, consagraciones y monumenta consecrationes (ss.VI-XII)	Artemio Manuel Martínez Tejera	77-102	abierto
1996, Nº 6	1400319	Noticia de una nueva pintura en el Museo de León	Luis A. Grau Lobo	103-110	abierto
1996, Nº 6	1400321	Pinturas del Hospital de la Piedad (Benavente)	Fernando Regueras Grande	111-152	abierto
1996, Nº 6	1400325	Repoblación y reorganización de la red viaria	Rafael González Rodríguez	153-178	abierto
1996, Nº 6	1400327	Un documento inédito del Archivo histórico municipal de Benavente (Zamora)	María del Carmen Rodríguez López	179-186	abierto
1996, Nº 6	1400335	La amonedación del conde de Benavente en el siglo XV	Eduardo Fuentes Ganzo	187-202	abierto
1996, Nº 6	1400338	Breve historia de la "Casa del Tinte"	Juan Carlos de la Mata Guerra	203-208	abierto
1996, Nº 6	1400342	Las sepulturas de la iglesia de Santa María de Azogue de Benavente	Elena Hidalgo Muñoz	209-224	abierto
1996, Nº 6	1400345	Algunas consideraciones etnolingüísticas sobre el léxico del Orbigo	Luis Carlos Nuevo Cuervo	225-244	abierto
1996, Nº 6	1400348	Fauna zamorana	José Ignacio Regueras Grande	245-254	abierto
1997, Nº 7	1401003	Repertorio bibliográfico sobre Benavente y los Valles	Emiliano Pérez Mencía	9-20	abierto
1997, Nº 7	1401008	Estudio geoarqueológico del yacimiento de "La Corona"-"El Pesadero" (Manganeses de la Polvorosa, Zamora)	Jesús Francisco Jordá Pardo	21-46	abierto
1997, Nº 7	1401009	Villa romana/basílica cristiana	Julio del Olmo Martín; Fernando Regueras Grande	47-64	abierto
1997, Nº 7	1401011	Cenobios tabarenses	Maurilio Pérez González; Fernando Regueras Grande	65-90	abierto
1997, Nº 7	1401014	Noticia de la actuación arqueológica en el solar de la que fue "Casa del Tinte" de Benavente	Enrique Arnau Basteiro	91-106	abierto
1997, Nº 7	1401015	Monasterio de Moreruela	Saturnino Prieto Morillo	107-122	abierto
1997, Nº 7	1401017	Murales góticos de la provincia de León	Luis A. Grau Lobo	123-150	abierto
1997, Nº 7	1401021	Infraestructura urbana y hacienda concejil	Rafael González Rodríguez	151-184	abierto
1997, Nº 7	1401023	La fortaleza de Benavente en el siglo XV	Isabel Beceiro Pita	185-204	abierto
1997, Nº 7	1401024	La reparación de las murallas de Benavente en el siglo XVII según un documento del Archivo Municipal	José Ignacio Martín Benito; Rafael González Rodríguez	205-212	abierto
1997, Nº 7	1401027	Los motines del panen el noroeste de la Meseta en el verano de 1856	Eduardo Fuentes Ganzo	213-236	abierto
1997, Nº 7	1401032	El vocabulario del Orbigo desde el punto de vista geográfico	Luis Carlos Nuevo Cuervo	237-294	abierto
1997, Nº 7	1401033	Hallazgos arqueológicos en el área de Benavente	Fernando Regueras Grande; José Ignacio Martín Benito	297-316	abierto
1997, Nº 7	1401034	Hallazgo de un "ara" en Castrogonzalo	Emiliano Pérez Mencía	317-321	abierto
1997, Nº 7	1401035	Localización de una tabla desaparecida del retablo de Castrogonzalo	Rafael González Rodríguez	319-324	abierto
1997, Nº 7	1401036	Descubrimiento y restauración de una cripta en la iglesia de Nuestra Señora de la Asunción de Tábara		323-326	abierto
1989, Nº 1	1401601	Prehistoria de Benavente y los valles	José Ignacio Martín Benito	21-44	abierto
1989, Nº 1	1401602	Sigillatas en relieve y estampadas de Villanueva de Azoague (Zamora)	Fernando Regueras Grande; José Ramón López Rodríguez	47-58	abierto
1989, Nº 1	1401603	El monasterio de Ageo	Augusto Quintana Prieto	61-108	abierto
1989, Nº 1	1401604	En Benavente se consumó la unidad de Castilla y León	Damián Yáñez Neira	109-140	abierto
1989, Nº 1	1401605	Fray Toribio de Benavente y Puebla de los Angeles	Raquel del Carmen Fernández Ruiz	141-154	abierto
1989, Nº 1	1401606	Doce plantas medicinales presentes en la zona de Benavente	Luis Vega Membibre	157-164	abierto
1989, Nº 1	1401610	Restos de tortugas y rinocerontes fósiles de Benavente	Emiliano Jiménez Fuentes	165-166	abierto
1989, Nº 1	1401622	Aves y líneas eléctricas	José Ignacio Regueras Grande	167-174	abierto
1989, Nº 1	1401635	El Patrimonio Histórico-Arquitectónico de Villalpando (Zamora)	José Ignacio Martín Benito	177-202	abierto
1989, Nº 1	1401646	Vida religiosa	Rafael Palmero Ramos	205-222	abierto
1989, Nº 1	1401649	Las transformaciones en la población activa femenina de Benavente, reflejo de los cambios económicos y sociales 1950-1981	María Pilar Brel Cachón	223-228	abierto
1989, Nº 1	1401652	La alfarería popular de Benavente	Juan Carlos de la Mata Guerra	229-238	abierto
1989, Nº 1	1401653	Leyes ecológicas en el siglo XVI	Juan Antonio Vega Casado	241-248	abierto
1989, Nº 1	1401655	Un castillo de Benavente	Miguel Hernández Miñambres		abierto
1989, Nº 1	1401667	A mi pueblo natal San Cristóbal de Entreviñas	Miguel Hernández Miñambres		abierto
1989, Nº 1	1401669	Moreruela de Tábara	José Gómez Figueroa		abierto
1989, Nº 1	1401672	Esperando la noche	Segundo de Dios Llorente		abierto
1989, Nº 1	1401676	Un oasis en Castilla	Francisco Posada Marbán	255-258	abierto
1989, Nº 1	1401682	Benavente y Sanabria	José Gómez Figueroa	259-266	abierto
1989, Nº 1	1401684	Moreruela de Tábara	José Gómez Figueroa	267-270	-
1989, Nº 1	1401687	La Fiesta del Toro Enmaromado	Juan Antonio Vega Casado	273-278	abierto
1989, Nº 1	1401688	Zamoranos Ilustres	Damián Yáñez Neira	281-286	abierto
1989, Nº 1	1401691	Lúdica y gozos del "Toro Enmaromado"	Octavio Uña Juárez	289-294	abierto
1989, Nº 1	1401694	Crónica del año 1987 (en Benavente y Comarca)		295-308	abierto
1992, Nº 2	1401807	Aproximación al Paleolítico Inferior en los valles de Benavente	José Ignacio Martín Benito; Juan Carlos Martín Benito	11-30	-
1992, Nº 2	1401809	Noticias sobre tres villae romanas con mosaicos en el valle del Esla	Fernando Regueras Grande	31-42	abierto
1992, Nº 2	1401812	Despoblados medievales en los valles de Benavente	José Carlos Lobato Vidal	43-54	abierto
1992, Nº 2	1401816	Los despoblados en el Condado de Benavente (Siglos XVI-XVII-XVIII)	Abundio García Caballero	55-80	abierto
1992, Nº 2	1401818	Crónica menuda de la vida de Morales del Rey en el siglo XVIII	Miguel Ángel González García	81-100	abierto
1992, Nº 2	1401821	Aportaciones a la difusión del plateresco desde Benavente	José Vicente Luengo Ugidos	101-114	abierto
1992, Nº 2	1401825	Estudio artístico de Santa María del Azogue	Mercedes Rábanos González	115-136	abierto
1992, Nº 2	1401828	Reseña gliptográfica	Saturnino Prieto Morillo	137-164	abierto
1992, Nº 2	1401832	El nivel de instrucción en Benavente en 1981	María Pilar Brel Cachón	165-184	abierto
1992, Nº 2	1401833	Ars et doctrina studendi et docendi de Juan Alfonso de Benavente	Carmen Seisdedos Sánchez	185-192	abierto
1992, Nº 2	1401835	La cigüeña blanca en la provincia de Zamora. 1990		193-203	abierto
1994-1995, Nº 4-5	1402334	Francisco Ynduráin (1910-1994)	Fernando Regueras Grande	11-16	abierto
1994-1995, Nº 4-5	1402335	Aproximación al Paleolítico Inferior en los valles de Benavente	José Ignacio Martín Benito; Juan Carlos Martín Benito	17-50	abierto
1994-1995, Nº 4-5	1402336	Cerámicas neolíticas en tierras de Zamora	Julio Fernández Manzano	51-60	abierto
1994-1995, Nº 4-5	1402337	Nuevos testimonios de joyería prerromana en territorio astur	Germán Delibes de Castro	61-74	abierto
1994-1995, Nº 4-5	1402338	Brigecio	Emiliano Pérez Mencía	75-98	abierto
1994-1995, Nº 4-5	1402339	La Vía de la Plata en sus extremos septentrionales	Ernest Loewinshon	99-108	abierto
1994-1995, Nº 4-5	1402340	Arqueología aérea en tres núcleos campamentales romanos de Zamora y León	Julio del Olmo Martín	109-118	abierto
1994-1995, Nº 4-5	1402341	Miscelánea	Caridad San José Rodríguez; Fernando Regueras Grande	119-142	abierto
1994-1995, Nº 4-5	1402344	El scriptorium de Tábara en la Alta Edad Media y los códices de Beato de Lébana	Hermenegildo García-Aráez Ferrer	143-166	abierto
1994-1995, Nº 4-5	1402347	San Cristóbal, homo viator enlos camnos bajomedievales	Luis A. Grau Lobo	167-184	abierto
1994-1995, Nº 4-5	1402349	El retablo de Castrogonzalo	Rafael González Rodríguez	185-210	abierto
1994-1995, Nº 4-5	1402350	Perspectivas museísticas de la comaca de Benavente	Jorge Juan Fernández	211-234	abierto
1994-1995, Nº 4-5	1402352	Capturas de pescadores profesionales en el río Esla	José Ignacio Regueras Grande	235-244	abierto
1998, Nº 8	1402357	Repertorio bibliográfico sobre Benavente y los valles	Emiliano Pérez Mencía	9-22	abierto
1998, Nº 8	1402358	Fuentes antiguas con referencias a la actual provincia de Zamora	Luis Ramón Menéndez Bueyes	23-46	abierto
1998, Nº 8	1402359	Grafitos del campamento romano de Petavonium (Rosinos de Vidriales, Zamora)	Santiago Carretero Vaquero	47-86	abierto
1998, Nº 8	1402360	Noticias arqueológicas sobre la casa de los obispos de Astorga en Santa Marta de Tera (Zamora)	Manuel Arias Martínez	87-98	abierto
1998, Nº 8	1402361	La influencia de los grabados de Peter de Jode en la escultura leonesa	Arantzazu Oricheta García	99-112	abierto
1998, Nº 8	1402362	Las hermandades leonesas (1282-1235)	Eduardo Fuentes Ganzo	113-140	abierto
1998, Nº 8	1402363	Privilegios y pergaminos de la villa de Benavente (siglo XV)	Vidal Aguado Seisdedos; Pascual Martínez Sopena; Rafael González Rodríguez	141-168	abierto
1998, Nº 8	1402364	Escrituras fundamentales del Hospital de la Piedad de Benavente	Rafael González Rodríguez	169-192	abierto
1998, Nº 8	1402365	Los "hilos" que tejen la trama del poder local	Sonsoles Gómez Carbonero	193-210	abierto
1998, Nº 8	1402366	Crisis obrera y conflictividad social en el nordeste zamorano (1898-1920)	José Ignacio Martín Benito	211-242	abierto
1998, Nº 8	1402367	El habla de la zona de Benavente (I)	Manuel Barrio Prada	243-272	abierto
1998, Nº 8	1402394	Posible reintroducción de rebeco o cabra montés en la alta Sanabria	José Ignacio Regueras Grande	273-284	abierto
1998, Nº 8	1402397	Hallazgos arqueológicos en el área de Benavente (II)	Fernando Regueras Grande; José Ignacio Martín Benito	285-296	abierto
1998, Nº 8	1402404	Una lucerna en terra sigilata hispánica tardía de la villa de Villanueva de Azoague	María Teresa Amaré Tafalla	297-300	abierto
1998, Nº 8	1402406	D. Francisco Costilla Zambranos	Manuel de la Granja Alonso	301-304	abierto
2001, Nº 11	1402427	Descripción morfológica de la armadura instalada en la Torre del Caracol	Saturnino Prieto Morillo	9-28	abierto
2001, Nº 11	1402431	Orisgonta	Luis A. Grau Lobo; Ernesto Callejo	29-42	abierto
2001, Nº 11	1402438	El monasterio de San Salvador de Villaverde de Vidriales	Rafael González Rodríguez	43-62	abierto
2001, Nº 11	1402442	Las hermandades leonesas (II)	Eduardo Fuentes Ganzo	63-78	abierto
2001, Nº 11	1402447	Las acuñaciones benaventanas en tiempos de Enrique IV	León España	79-98	abierto
2001, Nº 11	1402450	La regla de la cofradía de la Virgen de la Vega de Vecilla de Trasmonte en el siglo XVIII	José Ignacio Martín Benito	99-114	abierto
2001, Nº 11	1402454	Crisis obrera y conflictividad social en el nordeste zamorano (1898-1920) III	José Ignacio Martín Benito	115-142	abierto
2001, Nº 11	1402457	El tema de las ruinas hacia 1898 y un texto sobre el castillo de Benavente	Roxana Pérez Hidalgo	143-156	abierto
2001, Nº 11	1402460	Dietario tabarés	Fernando Regueras Grande	157-176	abierto
2001, Nº 11	1402464	Caza y pesca zamorana en 1850 y en la actualidad	José Ignacio Regueras Grande	177-196	abierto
2001, Nº 11	1402465	Documento inédito de época del rey Don Juan II	Liborio Hernández Guerra; Antonio Piedra Borregón	197-200	abierto
2001, Nº 11	1402473	Disputa inconclusa entre dos poblaciones castellano-leonesas, Villajequida-Mayorga de Campos, por la verdadera patria natal de Santo Toribio de Mogrovejo	Justo García Sánchez	201-204	abierto
2001, Nº 11	1402478	El terremoto de Lisboa en Benavente	Juan Carlos de la Mata Guerra	205-208	abierto
2001, Nº 11	3243776	"Las Edades del Hombre, Remembranza"	Fernando Regueras Grande	209-212	abierto
2001, Nº 11	3243779	Colección documental del Monasterio de San Esteban de Nogales, (1149-1498)	Rafael González Rodríguez; Gregoria Cavero Domínguez	212-214	abierto
2001, Nº 11	3243785	Dinero y moneda en un concejo medieval	Manuel Mozo Monroy; Eduardo Fuentes Ganzo	214-216	abierto
2001, Nº 11	3243786	El Dialecto de San Ciprián de Sanabria	Fritz Krüger; Diego Catalán	216-218	abierto
2001, Nº 11	3243789	"Sociedad y prensa en Benavente (siglos XIX-XX)"	Miguel Ángel Mateos Rodríguez; Juan Carlos de la Mata Guerra	218-220	abierto
1999, Nº 9	1403397	Vidal Aguado Seisdedos (1926-1999)	Emiliano Pérez Mencía	9-16	abierto
1999, Nº 9	1403399	Aportaciones al conocimiento de la circulación monetaria antigua en la zona de Banavente-Los Valles (Zamora) (I)	Isabel Rodríguez Casanova	17-44	abierto
1999, Nº 9	1403400	Presencia militar romana en la actual provincia de Zamora	Juan José Palao Vicente	45-56	abierto
1999, Nº 9	1403403	Algo más sobre mosaicos leoneses	Fernando Regueras Grande	57-72	abierto
1999, Nº 9	1403404	Notas sobre "La Casa del Lago" del Conde de Benavente	Rafael González Rodríguez	73-86	abierto
1999, Nº 9	1403405	Escritura de fundación del convento de María de Jesús de Tábara (siglo XVI)	Carlos Fresno Gago	87-110	abierto
1999, Nº 9	1403410	Conflicto de competencias entre el obispo de Oviedo y el vicario de San Millán	Justo García Sánchez	111-130	abierto
1999, Nº 9	1403421	Crisis obrera y conflictividad social en el nordeste zamorano (1898-1920). II	José Ignacio Martín Benito	131-156	abierto
1999, Nº 9	1403425	El habla en la zona de Benavente (II)	Manuel Barrio Prada	157-178	abierto
1999, Nº 9	1403427	Formaciones y recreaciones en el vocabulario del Orbigo	Luis Carlos Nuevo Cuervo	179-200	abierto
1999, Nº 9	1403429	Arquitecturas leonesas en tierra cruda	Pedro Criado Juárez	201-214	abierto
1999, Nº 9	1403430	La casa de los Ramos en Benavente	Juan Carlos Pascual de Cruz	215-230	abierto
1999, Nº 9	1403432	Hallazgos arqueológicos en el área de Benavente (III)	Fernando Regueras Grande; José Ignacio Martín Benito	231-242	abierto
1999, Nº 9	1403436	Un proyecto de actuación arqueológica integral para la zona de Los Valles	Jorge Juan Fernández	243-252	abierto
1999, Nº 9	1403448	Adiciones a dos artículos sobre pintura mural	Luis A. Grau Lobo	253-262	abierto
1999, Nº 9	1403451	Notas sobre el "IV Centenario del Condado de Benavente"	Fernando Regueras Grande	263-270	abierto
2000, Nº 10	1403475	Sobre un posible sarcófago de época visigoda en Tábara	Fernando Regueras Grande	7-18	abierto
2000, Nº 10	1403477	La representación del castillo de Benavente en las pinturas de San Juan del Mercado	Elena Hidalgo Muñoz	19-26	abierto
2000, Nº 10	1403480	Noticia de una arqueta con esmaltes del monasterio de Nogales (León)	Luis A. Grau Lobo	27-32	abierto
2000, Nº 10	1403483	Castroferrol, un enclave monástico altomedieval en el valle del Tera	Rafael González Rodríguez	33-44	abierto
2000, Nº 10	1403487	Monasterios, caminos de peregrinación e infraestructura viaria en el norte de Zamora	Rafael González Rodríguez	45-66	abierto
2000, Nº 10	1403490	De doblas a meajas	Eduardo Fuentes Ganzo	67-98	abierto
2000, Nº 10	1403493	La fundación del monasterio de San Jerónimo de Benavente	José Ignacio Martín Benito	99-120	abierto
2000, Nº 10	1403496	Convento de Santa María de Jesús en Tábara	Carlos Fresno Gago	121-132	abierto
2000, Nº 10	1403498	El término de Vecilla de Tramonte en un documento de 1706	José Ignacio Martín Benito	133-152	abierto
2000, Nº 10	1403500	La Epístola jocoseria a la Excma. Sra. Condesa de Benavente de Tomás de Iriarte	Roxana Pérez Hidalgo	153-172	abierto
2000, Nº 10	1403502	El habla de la zona de Benavente (III)	Manuel Barrio Prada	173-200	abierto
2000, Nº 10	1403503	Décimo aniversario del Centro de Estudios Benaventanos "Ledo del Pozo"	Emiliano Pérez Mencía	201-212	abierto
2000, Nº 10	1403504	Brigecio (1989-2000)	Emiliano Pérez Mencía	213-220	abierto
2000, Nº 10	3243060	"El achelense en la cuenca media occidental del Duero"	Luis A. Grau Lobo; José Ignacio Martín Benito	221-222	abierto
2000, Nº 10	3243062	Catálogo de los documentos medievales de la Catedral de Zamora	Eduardo Fuentes Ganzo; José Carlos de Lera Maíllo	222-223	abierto
2000, Nº 10	3243064	Os Pimentéis	Fernando Regueras Grande; Bernardo Vasconcelos Sousa	223-232	abierto
2000, Nº 10	3243069	Colección documental de la Catedral de Astorga. I, (646-1126)	Rafael González Rodríguez; Gregoria Cavero Domínguez; Encarnación Martín López	232-234	abierto
2000, Nº 10	3243072	La Orden Militar de Santiago en la provincia de Zamora	José Ignacio Martí; José Carlos de Lera Maíllo; Ángel Turiño Mínguez	234-235	abierto
1993, Nº 3	1427477	Aproximación al Paleolítico Inferior en los valles de Benavente	José Ignacio Martín Benito; Juan Carlos Martín Benito	11-32	abierto
1993, Nº 3	1427485	Sal y jefaturas	Germán Delibes de Castro	33-46	abierto
1993, Nº 3	1427492	El cuadrante noroeste peninsular en época romana	Santiago Carretero Vaquero	47-74	abierto
1993, Nº 3	1427498	Addenda e corrigenda a "Noticias sobre tres villae romanas con mosaicos en el valle del Esla: Cimanes de la Vega, Villaquejida, San Millán de los Caballeros"	Fernando Regueras Grande	75-82	abierto
1993, Nº 3	1427503	Nuevas evidencias sobre una vieja iglesia mozárabe	Luis A. Grau Lobo; Fernando Regueras Grande	82-114	abierto
1993, Nº 3	1427508	Síntesis gliptográfica de la iglesia abacial de San Martín de Castañeda	Saturnino Prieto Morillo	115-128	abierto
1993, Nº 3	1427510	La portada meridional de San Juan del Mercado en Benavente	Luis A. Grau Lobo	129-154	abierto
1993, Nº 3	1427514	El sitio de Benavente por el duque de Lancaster y el rey João I de Portugal	Vidal Aguado Seisdedos	129-154	abierto
1993, Nº 3	1427517	Francisco López de Villalobos, médico real (1473-1549)	Anastasio Rojo Vega	175-186	abierto
1993, Nº 3	1427518	Fuentes de Carbajal	José Antonio García Bolaños	187-210	abierto
1993, Nº 3	1427520	Algunos datos sobre el traslado a Estados Unidos de determinadas piezas arquitectónicas del castillo de Benavente	José Miguel Merino Cáceres	211-228	abierto
1993, Nº 3	1427524	Documentos para la historia de Benavente durante el reinado de Fernando II (1157-1188)	Rafael González Rodríguez	229-252	abierto
1993, Nº 3	1427527	Notas sobre el cormorán grande y la tórtola turca en Zamora	José Ignacio Regueras Grande	253-258	abierto
2005, Nº 15	2002788	Carlos Duque Herrero (1960-2005)	Fernando Regueras Grande	9-11	abierto
2005, Nº 15	2002791	La educación musical en Benavente durante la Restauración (1875-1902)	Alfredo Llamas Gallego	15-36	abierto
2005, Nº 15	2002793	La banda de música municipal de Benavente y la figura del maestro Lupicino Jiménez Camino (1923-1949)	Manuel Fernández del Hoyo	37-64	abierto
2005, Nº 15	2002796	Santo Tirso en Villarrín de Campos (Zamora)	Elías Rodríguez Rodríguez	65-78	abierto
2005, Nº 15	2002798	La Mota de Castrogonzalo. Una fortificación terrera en al alfoz medieval de Benavente	Rafael González Rodríguez	79-104	abierto
2005, Nº 15	2002801	Avance de los trabajos de inventario del Archivo del Hospital de la Piedad de Benavente	Juan Carlos de la Mata Guerra	105-128	abierto
2005, Nº 15	2002803	El entorno de Benavente en el "Jardín de Flores Curiosas" de Antonio de Torquemada	José Ignacio Martín Benito	129-144	abierto
2005, Nº 15	2002806	La religiosidad colectiva de los zamoranos en la segunda mitad del siglo XVIII	Fernando Manzano Ledesma	145-168	abierto
2005, Nº 15	2002808	Estado del Palacio de Toral de los Guzmanes (León) a finales del siglo XIX	Javier Revilla Casado	169-186	abierto
2005, Nº 15	2002811	Valles de Benavente. Refranes y dichos. Calendario agrícola	Emiliano Pérez Mencía	187-216	abierto
2005, Nº 15	2002813	Los juegos tradicionales en Benavente y Los Valles	Manuel Barrio Prada	217-246	abierto
2005, Nº 15	2002815	El cerco de Benavente por el Duque de Lancaster en la "Comedia famosa de la próspera fortuna del famoso Ruy López de Avalos el Bueno", de Damián Salustrio del Poyo	Roxana Pérez Hidalgo	247-266	abierto
2005, Nº 15	2002817	Dos imágenes y un texto poco conocidos de Benavente	Fernando Regueras Grande	267-278	abierto
2005, Nº 15	2002819	La portada de Santa María del Azogue de Benavente, obra de los arquitectos Francisco de la Riva Ladrón de Guevara y Valentín Antonio de Mazarrasa	Olav Mazarrasa Mowinckel	279-288	abierto
2005, Nº 15	2002825	Arte y arquitectura Mudéjar en las provincias de León y Zamora	Pedro José Lavado Paradinas	289-334	abierto
2005, Nº 15	2002827	Un San Pedro "in Cathedra" de Alejo de Vahía en Valderas	Miguel Angel Marcos Villán; Ana Fraile Gómez	335-338	abierto
2005, Nº 15	2002829	A vueltas con el primer libro impreso en Benavene	Fernando Regueras Grande	339-348	abierto
2005, Nº 15	3244781	Loca Ficta	Ignacio Arellano Ayuso	349-350	abierto
2005, Nº 15	3244786	Don Quijote de la Mancha		350-351	abierto
2005, Nº 15	3244790	Reales sitios, nº 164 de 2005		351-353	abierto
2005, Nº 15	3244849	Actas del Symposium Internacional Velázquez, Sevilla (1999)		353-354	abierto
2005, Nº 15	3244851	L'ultimo tempo 1606-1610, Catalogo della Mostra, Museo di Capodimonte, Nápoles, 23 de octubre de 2004 a 23 de enero de 2005	Fernando Regueras Grande; Michelangelo Merisi Caravaggio	354-356	abierto
2005, Nº 15	3244854	El léxico de la flora silvestre en Zamora	Luis Carlos Nuevo Cuervo; Félix Llamas García; Manuel Agustín Esgueva Martínez	356-358	abierto
2005, Nº 15	3244857	Los caminos y la construcción del territorio en la provincia de Zamora	Rafael González Rodríguez; María Pilar Luisa Chías Navarro; Tomás Abad Balboa	358-361	abierto
2006, Nº 16	2312751	El paisaje sonoro de la villa de Benavente en una celebración festiva del siglo XVIII	Juan Pablo Fernández González	17-25	abierto
2006, Nº 16	2312756	Tres privilegios reales del fondo documental del monasterio de San Martín de Castañeda	Rafael González Rodríguez	29-40	abierto
2006, Nº 16	2312925	Notas históricas para la propuesta de escudo y bandera de Bretocino (Zamora)	Rafael González Rodríguez; José Ignacio Martín Benito	41-53	abierto
2006, Nº 16	2313104	"Ex ungue leonem"	Fernando Manzano Ledesma	67-76	abierto
2006, Nº 16	2313122	El comandante de caballería D. Gonzalo Silvela Tordesillas (1906-1938)	Manuel Fernández del Hoyo	77-106	abierto
2006, Nº 16	2313581	La depuración franquista en el magisterio benaventano (1936-1942)	Lucio Martínez Pereda	107-145	abierto
2006, Nº 16	2313586	Audelino González Villa. Veterinario, bibliófilo y heterodoxo en Benavente	Rodolfo A. González Vidal	147-160	abierto
2006, Nº 16	2313595	Zamora por la defensa del lago de Sanabria	Damián Yáñez Neira	161-173	abierto
2006, Nº 16	2313598	Arte y arquitectura Mudéjar en las provincias de León y Zamora II	Pedro José Lavado Paradinas	177-226	abierto
2006, Nº 16	2313601	Los arquitectos Torbado en Villalpando	Rafael Ángel García-Lozano	227-252	abierto
2006, Nº 16	2313606	Homenaje a Baltasar Lobo	Manuela Nieto Quintanilla	253-261	abierto
2006, Nº 16	2313613	Algunas notas sobre "La Piedad Ejecutada", comedia genealógica de Lope de Vega inspirada en la historia de los Condes de Benavente	Roxana Pérez Hidalgo	265-285	abierto
2006, Nº 16	2313617	Árboles y bosquetes singulares de la comarca de Benavente	José Ignacio Regueras Grande	285-312	abierto
2006, Nº 16	2313618	Las fachadas de Santa María de Medina de Rioseco (Valladolid) y su influencia	Ramón Pérez de Castro; Carlos Duque Herrero	315-326	abierto
2006, Nº 16	2313623	"Plaqueta" renacentista de la colección Nicasio Rodríguez Durán	Fernando Regueras Grande	327-332	abierto
2007, Nº 17	2671913	Villas romanas del Duero	Fernando Regueras Grande	11-59	abierto
2007, Nº 17	2671918	Benavente, tierra de frontera entre suevos y visigodos en el siglo VI	Daniel González Barrio	61-71	abierto
2007, Nº 17	2671937	Poblamiento medieval y estructuras de poder en el norte de Zamora. Algunas reflexiones en torno a Camarzana de Tera	Rafael González Rodríguez	75-115	abierto
2007, Nº 17	2671946	Los sepulcros del conventos de Nuestra Señora del Valle	Manuel Fernández del Hoyo	117-133	abierto
2007, Nº 17	2671955	Noticias de la desaparecida iglesia de San Martín de Paladinos del Valle (Zamora)	Constantino Blanco Rubio	135-147	abierto
2007, Nº 17	2671970	El convento de Santo Domingo	Fernando Manzano Ledesma	149-161	abierto
2007, Nº 17	2671978	La delincuencia isabelina en el partido judicial de Benavente (1833-1868)	Rubén Domínguez Méndez	163-181	abierto
2007, Nº 17	2671987	El "Centro Zamorano-Leonés" de Madrid (1929-1930)	Juan Miguel Álvarez Domínguez	183-198	abierto
2007, Nº 17	2671996	El hallazgo de la documentación de la antigua prisión de Puebla de Sanabria	Lucio Martínez Pereda	199-213	abierto
2007, Nº 17	2672006	El cielo de Benavente	Elena Hidalgo Muñoz	217-237	abierto
2007, Nº 17	2672013	Los Bienes de Interés Cultural en la provincia de Zamora	José Ignacio Martín Benito	241-271	abierto
2007, Nº 17	2672017	Una tabla inédita de la Escuela de Toro en el convento de Santa Clara de Benavente	Irune Fiz Fuertes	275-280	abierto
2007, Nº 17	2672023	Los nuevos documentos de arqueología aérea en la provincia de Zamora	Julio del Olmo Martín	281-290	abierto
2007, Nº 17	2672030	Una fotografía inédita de la iglesia del monasterio de San Francisco de Benavente	Rafael González Rodríguez	291-300	abierto
2007, Nº 17	2672041	El maestro Gabino Ortega y el órgano de la parroquia de San Nicolás de Benavente (Zamora)	Jesús Félix Pascual Molina; Ramón Pérez de Castro	301-307	abierto
2007, Nº 17	3245956	"La música en las Casas de Osuna y Benavente (1733-1882)	Fernando Regueras Grande; Juan Pablo Fernández González; María Gembero Ustárroz	325-332	abierto
2007, Nº 17	3245964	Horizontes de libertad	Luis Carlos Nuevo Cuervo	332-334	abierto
2008-2009, Nº 18-19	3155646	Bellum asturicum	José Luis Vicente González	13-77	abierto
2008-2009, Nº 18-19	3155650	El señorío de la Casa de Almanza en tierras zamoranas en el siglo XV	Elías Rodríguez Rodríguez	81-127	abierto
2008-2009, Nº 18-19	3155653	Las ordenanzas de La Torre del Valle de 1527	Constantino Blanco Rubio	129-145	abierto
2008-2009, Nº 18-19	3155657	Una aproximación a la villa de Benavente en el siglo XVII	José Ignacio Martín Benito	147-157	abierto
2008-2009, Nº 18-19	3155660	La cofradía de Nuestra Señora del Rosario de Paladinos del Valle. Noticia histórica	Constantino Blanco Rubio	159-184	abierto
2008-2009, Nº 18-19	3155661	Ceremonias político-religiosas y propaganda social en Benavente durante la Guerra Civil	Lucio Martínez Pereda	185-214	abierto
2008-2009, Nº 18-19	3155663	Imaginería gótica de los siglos XIII y XIV en los valles del Tera y de Vidriales (Zamora)	Rubén Fernández Mateos	217-235	abierto
2008-2009, Nº 18-19	3155665	Vocabulario del valle del Tera (I)	Clemente Vara Gallego; Luis Carlos Nuevo Cuervo	239-267	abierto
2008-2009, Nº 18-19	3155666	Capturas, biometría y edades de corzos y ciervos en un coto de caza de Sanabria (Zamora)	José Ignacio Regueras Grande	271-288	abierto
2008-2009, Nº 18-19	3155723	Restauración de la imagen del Stmo. Cristo de Santo Tomé de Quintanilla del Monte (Zamora)	Alicia Mansilla Fermoso; Tomás Osorio Burón	291-294	abierto
2008-2009, Nº 18-19	3155725	"Memento mori". Una lauda sepulcral del monasterio de Santo Domingo de Benavente	Rafael González Rodríguez	295-299	abierto
2008-2009, Nº 18-19	3155730	El monasterio de Sancti Spiritus de Benavente. Aventuras y desventuras de dos retablos zamoranos en Marmolejo (Jaén)	Rafael González Rodríguez	301-305	abierto
2008-2009, Nº 18-19	3155737	La catástrofe de Ribadelago en la prensa nacional	Rafael Ángel García-Lozano	307-312	abierto
2008-2009, Nº 18-19	3155749	Nuevas imágenes sobre el castillo de Benavente.	Fernando Regueras Grande	313-321	abierto
2008-2009, Nº 18-19	3155754	Futuro incierto del patrimonio arquitectónico de Benavente. Algunas propuestas	Oscar Huerga Miñambres	323-328	abierto
2008-2009, Nº 18-19	3246008	Pasión por la madera	Fernando Regueras Grande; Avelino Martínez Rodríguez	339-340	-
2010, Nº 20	3731284	El Castillón, un poblado tardoantiguo en el valle del Esla	José Carlos Sastre Blanco; Alicia Tejeiro Pizarro	11-21	abierto
2010, Nº 20	3731292	El castillo y la muralla de Belver de los Montes (Zamora)	José Ignacio Martín Benito	25-50	abierto
2010, Nº 20	3731294	Notas históricas para la propuesta de escudo de Tábara (Zamora)	José Ignacio Martín Benito; Rafael González Rodríguez	51-58	abierto
2010, Nº 20	3731302	Eruditos de la Ilustración. Entre gallegos y benaventanos	José Ignacio del Amo Lobo	59-67	abierto
2010, Nº 20	3731320	El Mayorazgo de La Gándara	José Ignacio del Amo Lobo	69-102	abierto
2010, Nº 20	3731322	El término municipal de Santovenia del Esla y sus despoblados según las Respuestas Generales del Catastro de la Ensenada	Samuel Mezquita Cordero	103-123	abierto
2010, Nº 20	3732005	Villaferrueña según las Respuestas Generales del Catastro del Marqués de Ensenada	Eugenio Fernández Domínguez	125-136	abierto
2010, Nº 20	3732009	El Beato de San Miguel y los monasterios de Valdetábara	José Ferrero Gutiérrez	139-159	abierto
2010, Nº 20	3732011	Santa Marta de Tera	Ángel Panizo Delgado	161-187	abierto
2010, Nº 20	3732014	Notas para la historia del arte de Benavente y su comarca	Miguel Ángel González García	189-196	abierto
2010, Nº 20	3732019	La tercera fachada del Hospital de La Piedad de Benavente	Elena Hidalgo Muñoz	197-208	abierto
2010, Nº 20	3732022	Vocabulario del Valle del Tera (II)	Clemente Vara Gallego; Luis Carlos Nuevo Cuervo	211-248	abierto
2010, Nº 20	3732024	Miguel Hernández Miñambres, poeta y autor de la letra del himno de Benavente	María Teresa Hernández	249-265	abierto
2010, Nº 20	3732029	Los juegos tradicionales en Benavente y los Valles (II)	Manuel Barrio Prada	269-280	abierto
2010, Nº 20	3732030	El dominio del monasterio de San Martín de Castañeda en Benavente y su comarca en los siglos centrales de la Edad Media	Natán Guijarro Menéndez	283-292	abierto
2010, Nº 20	3732034	El valeroso caballero y animoso capitán Francisco de Villagrá. En torno a una sepultura de San Juan del Mercado	Rafael González Rodríguez	293-297	abierto
2010, Nº 20	3732048	Una descripción de Benavente y su castillo en un tratado del siglo XVIII	Rafael González Rodríguez	299-306	abierto
2010, Nº 20	3732052	Varia Tabarense	Fernando Regueras Grande	307-315	abierto
2010, Nº 20	3732057	La villa de Camarzana	Fernando Regueras Grande	319-323	abierto
2011-2012, Nº 21-22	4186166	Aproximación a los sistemas defensivos de El Castillón (Santa Eulalia de Tábara, Zamora)	Óscar Rodríguez Monterrubio; José Carlos Sastre Blanco	11-22	abierto
2011-2012, Nº 21-22	4186172	Escultura en las "villae" romanas del Duero. Síntesis e inventario	Fernando Regueras Grande	23-47	abierto
2011-2012, Nº 21-22	4186174	Dos cartas y dos dibujos relativos a los hallazgos arqueológicos de Camarzana de Tera en 1862	Juan Ignacio Panizo Santos	49-60	abierto
2011-2012, Nº 21-22	4186182	"Sol eclipsim patitur". Sobre la muerte del rey Fernando II de León en Benavente	Rafael González Rodríguez	63-79	abierto
2011-2012, Nº 21-22	4186189	De los siglos centrales de la Edad Media a los inicios del siglo XVIII	Natán Guijarro Menéndez	81-89	abierto
2011-2012, Nº 21-22	4186196	La Santa Vera Cruz de Benavente, una de las Cofradías más antiguas de España	Juan Carlos de la Mata Guerra	91-101	abierto
2011-2012, Nº 21-22	4186199	Un hidalgo rural del siglo XVIII	Elías Rodríguez Rodríguez	103-121	abierto
2011-2012, Nº 21-22	4186201	Respuestas generales del Catastro de Ensenada en Matilla de Arzón	José Ignacio del Amo Lobo	123-143	abierto
2011-2012, Nº 21-22	4186204	En la merindad de Valverde. Villanázar: notas para su historia	José Ignacio Martín Benito	145-168	abierto
2011-2012, Nº 21-22	4186208	Proclamaciones y Juras de reyes y constituciones en el Siglo XIX	Eduardo Fuentes Ganzo	169-192	abierto
2011-2012, Nº 21-22	4186211	La obra del escultor Gregorio Español en Barcial del Barco y Villarrín de Campos (Zamora) y otras noticias artísticas de ambas localidades	Miguel Ángel González García	195-213	abierto
2011-2012, Nº 21-22	4186216	La ermita de Misfelis de Villalpando	Rafael Ángel García-Lozano	215-223	abierto
2011-2012, Nº 21-22	4186219	Dos Cristos góticos del mismo taller en Tierra de Campos	Jesús Cuesta Salado	227-232	abierto
2011-2012, Nº 21-22	4186222	Noticia artística del entallador Bartolomé Hernández y el pintor Pedro de Bilbao	Rubén Fernández Mateos	233-239	abierto
2011-2012, Nº 21-22	4186227	Santa Marta de Tera	Ángel Panizo Delgado	241-246	abierto
2011-2012, Nº 21-22	4186231	Noticia de la construcción de la capilla mayor en la iglesia de Pobladura del Valle (año 1700)	Constantino Blanco Rubio	247-252	abierto
2011-2012, Nº 21-22	4186234	Una fotografía desconocida del Museo del Prado de finales del siglo XIX	Fernando Regueras Grande	253-257	abierto
2013, Nº 23	4848307	Mosaicos romanos del Conventus Asturum	Fernando Regueras Grande	11-32	abierto
2013, Nº 23	4848328	El descubrimiento de una necrópolis olerdolana en Rionegro del Puente y su vinculación con la creación de la Cofradía de los Falifos	Julio Samuel Badenes Almenara	33-52	abierto
2013, Nº 23	4848330	De "Castro de Acebal a Villacebola y VillaMaiore"	César Gutiérrez Vidal	55-66	abierto
2013, Nº 23	4848333	El fenómeno de la luz equinoccial en Santa Marta de Tera	Juan Pérez Valcárcel; Victoria Pérez Palmero	67-78	abierto
2013, Nº 23	4848334	Inventos e inventores benaventanos	María Jesús Berzal Tejero	79-92	abierto
2013, Nº 23	4848338	Los últimos barqueros de los Valles de Benavente	José Ignacio Martín Benito	93-113	abierto
2013, Nº 23	4848341	La colección de reliquias de la iglesia de Santa Marta de Tera	Ángel Panizo Delgado	117-132	abierto
2013, Nº 23	4848343	La "Servilleta de Fisac"	Nazario Ballesteros Miguélez	133-156	abierto
2013, Nº 23	4848344	El penúltimo canto del cisne de Miguel Fisac	Rafael Ángel García-Lozano	157-180	abierto
2013, Nº 23	4848345	Árboles y bosquetes singulares de la comarca de Sanabria-Carballeda	José Ignacio Regueras Grande	183-219	abierto
2013, Nº 23	4848352	Crónica de una rehabilitación	María José Rodríguez Pérez	223-237	abierto
2013, Nº 23	4848355	Bercianos de Valverde	Fermín de Vega Parra; Maria del Carmen de Vega Diéguez	241-263	abierto
2013, Nº 23	4848359	Mujer y desempleo en la comarca de Benavente y los Valles (año 2011)	Esther Gutiérrez Prieto	267-288	abierto
2013, Nº 23	4848417	Un "contorniato" de Nerón con el "Rapto de las Sabinas" en la "villa" de Quintana del Marco (León)	Fernando Regueras Grande	291-295	abierto
2013, Nº 23	4848421	Villaquejida, veinte años después	Fernando Regueras Grande	297-302	abierto
2013, Nº 23	4848446	Una escultura en la capilla de Álvaro de Ordás en Castroverde de Campos (Zamora)	Jesús Cuesta Salado	303-308	abierto
2013, Nº 23	4848449	La arquitectura de barro en los valles de Vidriales	Silvia Blanco Iglesias	309-319	abierto
2013, Nº 23	4848451	Nuevas imágenes, viejos problemas	Fernando Regueras Grande	321-326	abierto
2014-2015, Nº 24-25	5257738	Fr. Damián Yañez Neira (1916-2015). Una vida dedicada al Cister	José Ignacio Martín Benito	9-11	abierto
2014-2015, Nº 24-25	5257739	John Williams (1928-2015)	Fernando Regueras Grande	13-14	abierto
2014-2015, Nº 24-25	5257740	Cuatro reliquias y un retraso de Santa Teresa de Jesús en el Museo Parroquial de Santa Marta de Tera	Ángel Panizo Delgado	17-30	abierto
2014-2015, Nº 24-25	5257741	Paladinos del Valle, historia de una entidad local menor	Constantino Blanco Rubio	31-42	abierto
2014-2015, Nº 24-25	5257742	En torno al Filandón. Hiladuras, telares y veladas en el norte de Zamora (siglos XVIII-XX)	José Ignacio Martín Benito	43-72	abierto
2014-2015, Nº 24-25	5257743	Un viaje por Zamora en 1909. El realizado por los comisionados de la Exposición Regional Gallega (Sección Arqueológica)	Carlos Santos Fernández	73-104	abierto
2014-2015, Nº 24-25	5257744	Los signos de cantero en Santa María de Azogue de Benavente	José Luis Bozal González	107-122	abierto
2014-2015, Nº 24-25	5257745	La portada meridional de la Iglesia de Santa Marta de Tera	Ángel Panizo Delgado	123-144	abierto
2014-2015, Nº 24-25	5257746	Un San Sebastián de Gregorio Español en Santa María de Azogue de Benavente	Rubén Fernández Mateos	145-153	abierto
2014-2015, Nº 24-25	5257747	El entallador leonés Jaques Bernal y el retablo mayor de San Salvador de Abezames	Sergio Pérez Martín	155-178	abierto
2014-2015, Nº 24-25	5257748	El Castillo de Benavente según Richard Ford	Fernando Regueras Grande	179-191	abierto
2014-2015, Nº 24-25	5257749	Mujer y desempleo en la Comarca de Benavente y los Valles (año 2011). Parte II Demografía	Esther Gutiérrez Prieto	195-212	abierto
2014-2015, Nº 24-25	5257750	Nuevo dibujo del mosaico descubierto en "Lancia" en el siglo XIX	Fernando Regueras Grande	215-217	abierto
2014-2015, Nº 24-25	5257751	El Poblamiento romano de Castrogonzalo (Benavente)	Amparo Valcárcel Estors; Joan Garibo Bodí; Manuel Vázquez Fadón; Víctor Iturbe; José Carlos Sastre Blanco	219-224	abierto
2014-2015, Nº 24-25	5257752	John Hatch Synge	José Mariño Serrano	225-228	abierto
2014-2015, Nº 24-25	5257753	Una nota sobre la Virgen con el Niño del Hospital de la Piedad de Benavente	Fernando Regueras Grande	229-234	abierto
2014-2015, Nº 24-25	5257754	Gordoncillo (León) abre un Museo y Centro Cultural en su antigua Fábrica de Harinas	Javier Revilla Casado	235-238	abierto
2016, Nº 26	5737472	Nueva lectura y estudio del ara romana de Castrogonzalo (Zamora)	David Martino García	13-23	abierto
2016, Nº 26	5737473	Caballitos	Fernando Regueras Grande; Víctor Iturbe Martínez	25-40	abierto
2016, Nº 26	5737474	La Cofradía de Santa Bárbara de San Román del Valle	Constantino Blanco Rubio	43-66	abierto
2016, Nº 26	5737475	Las Cofradías en el manuscrito sobre la parroquia y pueblo de Villaveza del Agua, de D. Emilio José Prieto González	María Pilar Valderas Sastre	67-95	abierto
2016, Nº 26	5737476	La descripción militar de la frontera hispano-portuguesa entre Galicia y la confluencia de los ríos Águeda y Duero en 1800. El informe de los ingenieros Florian Gerig y Julián Albo	José Ignacio Martín Benito	97-126	abierto
2016, Nº 26	5737477	De la II República en Benavente (I)	Eduardo Fuentes Ganzo	127-165	abierto
2016, Nº 26	5737478	La imagen de la Inmaculada Concepción del convento franciscano de Castroverde de Campos. Nuevos datos para su atribución	Jesús Cuesta Salado	169-179	abierto
2016, Nº 26	5737479	La obra del arquitecto Miguel Baz en Benavente	Javier Carbayo Baz	181-202	abierto
2016, Nº 26	5737480	El último abad del Monasterio de Santa Marta de Tera	Ángel Panizo Delgado	205-212	abierto
2016, Nº 26	5737481	Una obra atribuible al taller de Sebastián Ducete en Fuentesecas (Zamora)	Rubén Fernández Mateos; Sergio Pérez Martín	213-218	abierto
2016, Nº 26	5737482	Contrato de refundición de las campanas de la Iglesia de Paladinos del Valle	Constantino Blanco Rubio	219-222	abierto
2016, Nº 26	5737483	Durruti según Lobo	Luis A. Grau Lobo	223-226	abierto
2016, Nº 26	5737484	Una "oyenda" sobre el oso en Muelas de los Caballeros	Jorge Santiago Pardo	227-231	abierto
2016, Nº 26	5737485	Nuevas de Tábara (2015-2016)	Fernando Regueras Grande	233-238	abierto
2017, Nº 27	6216717	Triente de Sisebuto y dinar de indicción en dos "villae" romanas leonesas	Fernando Regueras Grande; Isabel Rodríguez Casanova	11-24	abierto
2017, Nº 27	6216718	Origen, contexto histórico y sentido del milagro de la Virgen de la Carballeda	Julio Samuel Badenes Almenara	27-43	abierto
2017, Nº 27	6216719	Los Villalobos en Santa María la Real de Aguilar de Campoo	José Ignacio del Amo Lobo	45-58	abierto
2017, Nº 27	6216720	El "cursus honorum" de Enrique Pimentel (1574-1653), obispo de Valladolid y Cuenca	José Ignacio Martín Benito	59-82	abierto
2017, Nº 27	6216721	El Advenimiento de la Segunda República en Benavente, 1930-1931	Fernando Pernía Vega	83-102	abierto
2017, Nº 27	6216722	La II República en Benavente (II)	Eduardo Fuentes Ganzo	103-136	abierto
2017, Nº 27	6216723	"Venustas" pictórico en la arquitectura mozárabe	Luis A. Grau Lobo	139-152	abierto
2017, Nº 27	6216724	Sobre cuatro esculturas tardogóticas en Tábara, posibles restos del sepulcro de Pedro Pimentel (+1504) señor de la villa	Miguel Angel Marcos Villán	153-163	abierto
2017, Nº 27	6216725	La difusión de un tipo iconográfico de Gregorio Fernández	Ramón Pérez de Castro	165-174	abierto
2017, Nº 27	6216726	Antecedentes de la arquitectura religiosa contemporánea en la Zamora agropecuaria	Rafael Ángel García-Lozano	175-182	abierto
2017, Nº 27	6216727	En torno a dos tumbas excavadas en la roca en Fresno de Carballeda y otros lugares zamoranos	José Ignacio Martín Benito	185-191	abierto
2017, Nº 27	6216728	Un contrato de subarrendamiento de la barca de Santibáñez de Tera, 1819	José Ignacio Martín Benito	193-195	abierto
2017, Nº 27	6216729	Reforma de la carpintería de la planta alta del patio del Hospital de la Piedad de Benavente	Julio Carbajo Carbajo; Luis López Sánchez	197-201	abierto
2018, Nº 28	6975375	En torno a la inauguración de la "villa" de Camarzana de Tera.	Fernando Regueras Grande	11-24	abierto
2018, Nº 28	6975376	Promotores, clasicismo y estilo en el arte mozárabe leonés	Fernando Regueras Grande	27-45	abierto
2018, Nº 28	6975377	Motolinía en japonés	José Luis Soto Pérez	49-60	abierto
2018, Nº 28	6975378	Minería en Zamora	José Ignacio Martín Benito	61-89	abierto
2018, Nº 28	6975379	“Imago legionis”: el mapa del Reino de León de Bertius-Hondius ca. 1618	Eduardo Fuentes Ganzo	91-102	abierto
2018, Nº 28	6975380	Villanueva del Campo según las Respuestas Generales del Catastro del Marqués de la Ensenada	Juan Manuel Hernández Centenero	103-134	abierto
2018, Nº 28	6975381	Estudio de las dehesas de Requejo y Quintanilla (Tábara, Zamora) 1916-1936	Francisco Trancón Pérez	135-148	abierto
2018, Nº 28	6975382	Partidos y asociaciones políticas en el Benavente republicano, 1931-1936	Fernando Pernía Vega	149-168	abierto
2018, Nº 28	6975383	"La Almena", una necrópolis excavada en roca (Valparaiso, Zamora).	José Ignacio Martín Benito	171-174	abierto
2018, Nº 28	6975384	Noticia sobre el antiguo órgano del monasterio de San Bernardo de Benavente hoy en la "Seu Vella" de Lérida.	Fernando Regueras Grande	175-178	abierto
2018, Nº 28	6975385	Un legado para Benavente, ¿crónica de una decepción?	Horacio Navas	179-186	abierto
2019, Nº 29	7274932	Artesonados de procedencia zamorana en el Museo Nacional de Escultura (II)	Miguel Angel Marcos Villán	13-22	abierto
2019, Nº 29	7274933	En torno a una obra de Juan Carreño Miranda en el Hospital de la Piedad de Benavente y el contador Juan Antonio Silvestre (c. 1606-1672)	José Ignacio Martín Benito	23-42	abierto
2019, Nº 29	7274934	Glosas a contrapelo	Fernando Regueras Grande	43-71	abierto
2019, Nº 29	7274935	Conflictos de términos en la Raya hispano-portuguesa en el siglo XVI	José Ignacio Martín Benito	75-102	abierto
2019, Nº 29	7274936	Catástrofes en el Condado de Benavente	José Ignacio Martín Benito	103-117	abierto
2019, Nº 29	7274937	Estudio de población, apellidos, derechos parroquiales, usos y costumbres. Otero de Sariegos (Zamora), siglo XIX	Francisco Trancón Pérez	119-134	abierto
2019, Nº 29	7274938	La construcción de la iglesia del Señor San Salvador en la villa de Villamañán. Siglo XVI	Ovidio Prieto Martínez	135-158	abierto
2019, Nº 29	7274939	El Condado de Benavente en Tierra de Campos. Disputas señoriales en el Antiguo Régimen	Carlos Álvarez-Rubio	159-173	abierto
2019, Nº 29	7274940	Las viejas unidades de superficie en la provincia de Zamora. Distribución, antecedentes y pervivencia	Pascual Riesco Chueca	175-202	abierto
2019, Nº 29	7274941	La Tierra de Benavente	Aurelio Cebrián Abellán	203-222	abierto
2019, Nº 29	7274942	Análisis del estado ecológico de los ríos en la comarca de Benavente y los Valles	Lucía García González; Paula Ferrero Alonso; Loreto Díez Fernández; Rafael Pérez Romero	225-235	abierto
2019, Nº 29	7274943	Sobre el Libro Becerro de los condes de Benavente	José Ignacio Martín Benito	239-250	abierto
2019, Nº 29	7274944	Nueva arqueta relicario del V Conde de Benavente en el mercado anticuario	Fernando Regueras Grande	251-254	abierto
2019, Nº 29	7274945	Alegato en defensa de la cúpula barroca del santuario de la Carballeda, Rionegro del Puente	Julio Samuel Badenes Almenara	255-262	abierto
2020, Nº 30	7890041	La prehistoria de la sal	Germán Delibes de Castro; Francisco Javier Abarquero Moras; Elisa Guerra Doce	11-33	abierto
2020, Nº 30	7890042	Ocho retablos de la primera mitad del siglo XVII en Castroverde de Campos (Zamora)	Jesús Cuesta Salado	37-70	abierto
2020, Nº 30	7890043	Nuevas sobre la fortaleza de los Pimentel de Benavente	Fernando Regueras Grande	71-86	abierto
2020, Nº 30	7890044	Ursicina Martínez Gallego (1906-2004), una pionera en el Museo Arqueológico de León (1931-1941)	Ana Azor Lacasta	89-112	abierto
2020, Nº 30	7890045	Cuestiones biográficas acerca de fray Toribio de Benavente y bases de su formación intelectual	Francisco José Rebordinos Hernando; Juan Carlos de la Mata Guerra	115-143	abierto
2020, Nº 30	7890046	Nuevos aportes documentales sobre los orígenes y educación de un personaje universal	Francisco José Rebordinos Hernando; Juan Carlos de la Mata Guerra	145-174	abierto
2020, Nº 30	7890047	Estampa de Carbajales de Alba en tiempos de las Comunidades (1520-1522)	Pascual Riesco Chueca	175-199	abierto
2020, Nº 30	7890048	Conflictos en la Raya	José Ignacio Martín Benito	201-225	abierto
2020, Nº 30	7890049	Análisis de algunos aspectos relacionados con la reedificación y supresión del Convento de San Francisco de Benavente (siglos XVI-XIX)	Francisco Trancón Pérez	229-247	abierto
2020, Nº 30	7890050	El expediente de construcción del cementerio de Villanueva del Campo (Zamora) durante los años 1835-1838	Juan Manuel Hernández Centenero	249-261	abierto
2020, Nº 30	7890051	De Osuna a Patilla	José Ignacio Primo Martínez	263-284	abierto
2020, Nº 30	7890052	Apuntes sobre la comunidad protestante en Castrogonzalo (Zamora) hasta los inicios de la Guerra Civil	Víctor Iturbe Martínez; Rafael González Rodríguez	285-305	abierto
2020, Nº 30	7890053	Pleito entre el conde de Benavente y los marqueses de Viana en 1601 sobre la titularidad de un "juro a dos vidas"	Juan Carlos de la Mata Guerra	309-316	abierto
2021, Nº 31	8545255	D. José Muñoz Miñambres (1932-2021)	José Ángel Rivera de las Heras	11-12	abierto
2021, Nº 31	8545256	José Ignacio del Amo Lobo (1948-2022)	Fernando Regueras Grande	13-14	abierto
2021, Nº 31	8545257	Algunos restos mozárabes en Ayóo de Vidriales	Fernando Regueras Grande	17-30	abierto
2021, Nº 31	8545258	La reconstrucción de la iglesia parroquial de Vega de Villalobos (Zamora)	María Jesús Pérez López	31-51	abierto
2021, Nº 31	8545259	Ermita de Nuestra Señora de la Pedrera o Montes Negros, Dehesa Quintos, término de Santa Eulalia de Tábara (Zamora). 1647-1955	Francisco Trancón Pérez	55-70	abierto
2021, Nº 31	8545260	Proceso del abasto de la tienda, abacería, taberna y carnicería propias de la villa de Villanueva del Campo (Zamora) en el siglo XVIII	Juan Manuel Hernández Centenero	71-86	abierto
2021, Nº 31	8545261	Concordia entre el convento y el concejo y vecinos de San Román acerca de la presentación del "curato" de la parroquia (1648)	Luis Rubio Morán	87-110	abierto
2021, Nº 31	8545262	El monasterio de Moreruela en Portugal y su contribución en el proceso señorial y colonizador de Trás-os-Montes (Tierras de Braganza y Miranda)	José Ignacio Martín Benito	111-135	abierto
2021, Nº 31	8545263	Audelino / Almoína, historia de una amistad	Víctor Iturbe Martínez; Fernando Regueras Grande	139-171	abierto
2021, Nº 31	8545264	Benavente y los Carmelitas Descalzos	Óscar Ignacio Aparicio Ahedo	173-196	abierto
2021, Nº 31	8545265	Camarzana/Santa Marta (de Tera)	Fernando Regueras Grande	199-210	abierto
2021, Nº 31	8545266	La larga tradición votiva en el santuario de la Virgen de la Carballeda y en la ermita de San Mamé en Santa Eulalia de Rionegro	Julio Samuel Badenes Almenara	213-223	abierto
2021, Nº 31	8545267	Fernando Fernández Casariego y Rodríguez Trelles	Juan María Silvela Milans del Bosch	225-237	abierto
2021, Nº 31	8545268	1971. Camino a Santiago	José Mariño Serrano; Fernando Regueras Grande	239-251	abierto
2021, Nº 31	8545269	Brel Cachón, M. P.: "La incidencia de la Gripe de 1918 a escala local: El Valle del Esla". ADEH (Asociación de Demografía Histórica). Revista de Demografía Histórica - "Journal of Iberoamerican Population Studies", XXXVIII, III, 2020, pp. 31-54	Juan Carlos de la Mata Guerra; María Pilar Brel Cachón	31-54	abierto
2022, Nº 32	9168242	Agustín Díez Ferreras (1958-2022)	Fernando Regueras Grande	11-12	-
2022, Nº 32	9168243	El relieve en el norte de la provincia de Zamora (Benavente – Sanabria)	Julio Martínez Gallego	15-45	-
2022, Nº 32	9168244	Novedades sobre la capilla de Alonso Gómez de la desaparecida iglesia de Santa María del Templo, en Villalpando (Zamora)	Jesús Cuesta Salado	49-62	-
2022, Nº 32	9168245	"Pimentelia"	Fernando Regueras Grande	63-80	-
2022, Nº 32	9168246	La “Quincalla” de Benavente	Sergio Pérez Martín; Josemi Lorenzo Arribas	81-94	-
2022, Nº 32	9168247	Las crisis sucesorias de Castilla y Portugal en la villa de Benavente (1369-1398)	Luis Fernando Fernández Guisasola	97-112	-
2022, Nº 32	9168248	Aspectos socioeconómicos de la comarca de la Lampreana (Zamora), a través del Catastro de Ensenada (1753)	Francisco Trancón Pérez	115-137	-
2022, Nº 32	9168249	El Santuario de Nª Sª [Nuestra Señora] de la Carballeda y la cofradía de los Falifos en Rionegro del Puente	José Ignacio Martín Benito	139-154	-
2022, Nº 32	9168250	Entre mineros y militares	Fernando Pernía Vega	157-174	-
2022, Nº 32	9168251	La memoria silenciada de Fuentes de Ropel (Zamora)	María Jesús Izquierdo García; Víctor Iturbe Martínez	175-204	-
2022, Nº 32	9168252	La Guerra Civil en Benavente (I):	Eduardo Fuentes Ganzo	205-223	-
2022, Nº 32	9168253	Barcas de paso del reino de León. Adenda iconográfica (I):	José Ignacio Martín Benito	227-232	-
2022, Nº 32	9168254	Víctimas mortales del "terror rojo" en el partido judicial de Benavente	Jordi Bigues Balcells	233-240	-
2022, Nº 32	9168255	Notas sobre un cuento de un oso	Emilio Gavilanes	241-245	-
2023-2024, Nº 33-34	9824102	Saturnino Cardó García (1940-2023)	Fernando Regueras Grande	11-12	-
2023-2024, Nº 33-34	9824103	Miguel Manzano Alonso (1934-2024)	Gregorio Díez Mardomingo	13-14	-
2023-2024, Nº 33-34	9824104	La iglesia de Molacillos, enclave del barroco valenciano en la zamorana Tierra del Pan, en peligro	Isauro Pérez Ratón	17-36	-
2023-2024, Nº 33-34	9824105	Patrimonio organístico desaparecido de Benavente (siglos XVI-XX)	Fermín Trueba Pérez; David García Calvo	37-68	-
2023-2024, Nº 33-34	9824106	Adquisiciones, donaciones patrimoniales y donativos sociales del CEB “Ledo del Pozo” (1999-2023)	Fernando Regueras Grande	69-96	-
2023-2024, Nº 33-34	9824107	Las Hermandades leonesas (III)	Eduardo Fuentes Ganzo	99-112	-
2023-2024, Nº 33-34	9824108	Los Manrique de Lara y el legado heráldico de don Fadrique, duque de Benavente	Luis Fernando Fernández Guisasola	113-126	-
2023-2024, Nº 33-34	9824109	Dehesas de la comarca de Tábara (Zamora), siglos XVIII y XIX	Francisco Trancón Pérez	129-146	-
2023-2024, Nº 33-34	9824110	La situación de las plazas militares de la frontera de Castilla en el preludio de la “Guerra de las Naranjas”. El reconocimiento del coronel Fausto Caballero (1800-1801)	José Ignacio Martín Benito	147-177	-
2023-2024, Nº 33-34	9824111	El crimen de Sitrama de Tera	Jesús Cristovo Furones	179-206	-
2023-2024, Nº 33-34	9824112	La Guerra Civil en Benavente II	Eduardo Fuentes Ganzo	207-222	-
2023-2024, Nº 33-34	9824113	Felipa Niño Mas (Benavente 1902 – Madrid 1992). Una vida dedicada a los museos	Ana Azor Lacasta	223-230	-
2023-2024, Nº 33-34	9824114	Sobre Vaco, un dios lunar entre los Astures	Luis González Lozar	233-241	-
2023-2024, Nº 33-34	9824115	Excavación arqueológica en los Jardines de la Mota de Benavente	Francisco Javier San Vicente Vicente; Patricia Fuentes Melgar; Antonio Trigo García; Antonio Juanes Cortés	243-251	-
2023-2024, Nº 33-34	9824116	Manuel Pérez Pérez: Atlas lingüístico y etnográfico de la zona norte de los valles (Zamora), Instituto de Estudios Zamoranos “Florián de Ocampo”, Zamora 2023.	Manuel Barrio Prada; Manuel Pérez Pérez	255-255	-
2025, Nº 35	10592981	El mundo acuático en los mosaicos leoneses	Fernando Regueras Grande	27-43	-
2025, Nº 35	10592982	Un fragmento de yesería con cornisa clasicista en los Cuestos de la Mota de Benavente	Fernando Regueras Grande	47-54	-
2025, Nº 35	10592983	El Maestro de Villalobos. Consideraciones sobre un anónimo pintor zamorano del siglo XV a partir de las pinturas del retablo de San Félix	Jesús Cuesta Salado	55-78	-
2025, Nº 35	10592984	La estancia de Juana I en Benavente (1506)	Luis Fernando Fernández Guisasola	81-108	-
2025, Nº 35	10592985	Aspectos de la vida cotidiana de Benavente en el siglo XVII a la luz de unos procesos inquisitoriales	Juan Ignacio Panizo Santos; Ángel Panizo Delgado; Rosario Rivero Rodríguez	109-124	-
2025, Nº 35	10592986	Paisaje de la ruina	José Ignacio Martín Benito	125-148	-
2025, Nº 35	10592987	Aspectos históricos del convento de María de Jesús de Tábara (Zamora) , siglos XVII-XIX	Francisco Trancón Pérez	149-165	-
2025, Nº 35	10592988	Los sucesos de Villaveza del Agua 1908-1910	Jesús Cristovo Furones	169-195	-
2025, Nº 35	10592989	Francisco Blanco Blanco (1909-1980), un gran maestro de Quiruelas de Vidriales	Joaquín Blanco Majado	197-217	-
2025, Nº 35	10592990	El nombre de los Gigurri y Gijón	Luis González Lozar	221-226	-
2025, Nº 35	10592991	Dos precisiones iconográficas sobre el Tumbo de la Carballeda (Rionegro del Puente)	Fernando Regueras Grande	227-232	-
2025, Nº 35	10592992	Coral Tierras Altas de Sanabria y Carballeda. 25 años de musica	Gregorio Díez Mardomingo	233-244	-
2025, Nº 35	10592993	Ruinas	Fernando Regueras Grande	247-247	-
2025, Nº 35	10592994	Ruinas en Villalpando (Zamora)	Jesús Cuesta Salado	249-255	-
2025, Nº 35	10592995	Las lecciones de la ruina. El convento de San Bernardino en Cuenca de Campos y el mudéjar de Tierra de Campos	Pedro Villalón	257-263	-
2025, Nº 35	10592996	Sergio Pérez Martín: El escultor Juan de Montejo (1555-1601). Un último aliento de la estética juniana. Consejo Superior de Investigaciones Científica, Colección Historia del Arte, Serie Biblioteca de Historia del Arte, 42 , Madrid, 2024. ISBN 978-84-00-11282-0. 404 págs.	Miguel Angel Marcos Villán	267-268	-
2025, Nº 35	10592997	Feliciano Martínez Redondo y Juan Manuel Amez Zapatero: Ermita de Nuestra Señora de la Vega. Cimanes de la Vega. Asociación Cultural El Biendo (Villaquejida) , León, 2025. ISBN: 978-84-09-71272-4. 218 págs. Gráficas Celarayn, S. A.	José Ignacio Martín Benito	269-271	-