inscripcion	folio	manuscrito	denominacion_1970	pecheros	codigo_ine	pagina_impresa	observaciones
1	504 vº	Venavente	Benavente	379	49.021	204	
2	504 vº	Requexada	Santiago de la Requejada	53	49.181	204	
3	504 vº	Olgoso	Folgoso de la Carballeda	14	49.110	204	
4	504 vº	Pobla - Del Obispado de Astorga	Pueblica de Valverde	10	49.167	204	
5	504 vº	San Pedro de Çerneda	San Pedro de Zamudia	18	49.195	204	
6	504 vº	Santa Coloma - Del monasterio de Santa Coloma	Santa Colomba de las Monjas	22	49.199	204	
7	504 vº	Paladinos	Paladinos del Valle	17	49.220	204	
8	504 vº	Miles	Milles de la Polvorosa	27	49.118	204	
9	504 vº	Arcos	Arcos de la Polvorosa	30	49.011	204	
10	504 vº	Manganeses	Manganeses de la Polvorosa	41	49.109	204	
11	504 vº	Morales de Rey	id.	56	49.128	204	
12	504 vº	San Román	San Román del Valle	32	49.196	204	
13	504 vº	Cabañas	Cabañas de Tera	19	49.033	204	
14	504 vº	Santivañes	Santibáñez de Vidriales	62	49.206	204	
15	504 vº	Santa Christina	Santa Cristina de la Polvorosa	37	49.200	204	
16	504 vº	Requexo	Requejo	17	ºº	204	
17	504 vº	Braçaron	Villabrázaro	41	49.238	204	
18	504 vº	La Villa de Polboros	Vecilla de la Polvorosa	13	49.128	204	
19	504 vº	Pobladura	Pobladura del Valle	4	49.159	204	
20	504 vº	La Torre del Valle	id.	73	49.220	204	
21	505 rº	La Verdenosa - Del obispo de Astorga	id.	36	49.128	204	
22	505 rº	Sant Elena	Santa Elena	16	49.271	204	
23	505 rº	Abraveses	Abraveses de Tera	25	49.117	204	
24	505 rº	Bocares - De D. Francisco de Acuña	id.	18	24.003	204	
25	505 rº	Arrabal de la Encomienda de Ruviales	Arrabalde	29	49.015	204	
26	505 rº	Santovenia	id.	47	49.207	204	
27	505 rº	Huerga	id.	23	49.206	204	
28	505 rº	Sant Miguel	San Miguel del Valle	11	49.192	204	
29	505 rº	Carçadilla	Calzadilla de Tera	10	49.032	204	
30	505 rº	Sytrama	Sitrama de Tera	30	49.211	204	
31	505 rº	Olleros	Olleros de Tera	19	49.032	204	
32	505 rº	Villaxeris	Villageriz	20	49.244	204	
33	505 rº	Olmillos	Olmillos de Valverde	21	49.029	204	
34	505 rº	Sant Pedro de Çeque	San Pedro de Ceque	38	49.193	204	
35	505 rº	Redelga - Es del monasterio de Busto	Redelga de la Polvorosa	12	49.052	204	
36	505 rº	Sant Christobal	San Cristóbal de Entreviñas	92	49.187	204	
37	505 rº	Santistevan de Nogales - Es de la Aba- día de Nogales	San Esteban de Nogales	49	24.046	205	
38	505 rº	Ferreros	id.	8	49.179	205	
39	505 rº	Poçuelo del Páramo - De la Corona	Pozuelo del Páramo	27	24.117	205	
40	505 rº	Ribera Páramo - De don Francisco Pimentel Ribera de Grajal o de la Polvo	rosa	15	24.005	205	
41	505 rº	Ferrueña	Villaferrueña	9	49.243	205	
42	505 rº	Fresno	Fresno de la Polvorosa	15	49.075	205	
43	505 vº	Alcabilla - Es de la Abadía de Nogales	Alcubilla de Nogales	27	49.004	205	
44	505 vº	Vezinas	ºº	21	ºº	205	
45	505 vº	Colinas	Colinas de Trasmonte	25	49.051	205	
46	505 vº	Biçaria - De la Abadía de Nogales	Vicaría de la Abadía de Nogales	15	49.004	205	
47	505 vº	Santa Colonba de las Caravias	Santa Colomba de las Carabias	21	49.198	205	
48	505 vº	Grajar - Es de don Francisco Pimentel	Grajal de Ribera	23	24.005	205	
49	505 vº	Altobar - Es de la sacada de Benavente	id.	24	24.005	205	
50	505 vº	Barriones	ºº	26	ºº	205	
51	505 vº	Brizianos de Val de Brediales	Bercianos de Vidriales	20	24.206	205	
52	505 vº	Santa Croya	Santa Croya de Tera	40	49.201	205	
53	505 vº	Aguilar de Riba de Tera	Aguilar de Tera	19	49.117	205	
54	505 vº	Villaquixada	Villaquejida	59	24.221	205	
55	505 vº	Pomarejo	Pumarejo de Tera	18	49.116	205	
56	505 vº	Poçuelo del Val de Vedriales	Pozuelo de Vidriales	24	49.206	205	
57	505 vº	Breme de Sogo	Brime de Sog	41	49.027	205	
58	505 vº	Villanueva de Asnague	Villanueva de Azoague	12	49.257	205	
59	506 rº	Quiruelas	Quiruelas de Vidriales	42	49.171	205	
60	506 rº	Calçada	Calzada de Tera	13	49.231	205	
61	506 rº	Vega de Riba de Tera	Vega de Tera	14	49.231	205	
62	506 rº	Santibañez de Riba de Tera - Es de la Abadía de Santa Marta	Santibáñez de Tera	40	49.205	205	
63	506 rº	San Pedro de la Viña	id.	28	49.206	205	
64	506 rº	El Valle	Valleluengo	31	49.177	205	
65	506 rº	La Milla	Milla de Tera	20	49.231	205	
66	506 rº	Cional	id.	28	49.049	205	
67	506 rº	Muelas	ºº	14	ºº	205	
68	506 rº	Cabo	Cubo de Benavente	25	49.057	205	
69	506 rº	Villafer	id.	32	24.208	205	
70	506 rº	Castro Gonçalo	Castrogonzalo	64	49.041	205	
71	506 rº	Berçial	Barcial del Barco	25	49.019	205	
72	506 rº	Belvis	id.	29	49.192	206	
73	506 rº	Villabeça del Barco	Villaveza del Agua	39	49.271	206	
74	506 rº	Peque	id.	44	49.159	206	
75	506 rº	Donadillo	id.	23	49.112	206	
76	506 rº	Vecilla del Chantre	ºº	16	ºº	206	
77	506 vº	Rosinos	Rosinos de Vidriales	47	49.182	206	
78	506 vº	Quintanilla de Ulce - Es del monasterio del Val de Busto y de la jurisdicción de Radelga	Quintanilla de Urz	31	49.170	206	
79	506 vº	Vega del Castillo	id.	14	49.062	206	
80	506 vº	Villa Obispo - Del Obispo de Astorga	Villaobispo	18	49.206	206	
81	506 vº	Brime Dulce	Brime de Urz	26	49.028	206	
82	506 vº	Los Varrios de Grammoyllo	Granuncillo	67	49.092	206	
83	506 vº	Sandín	id.	15	49.110	206	
84	506 vº	Carvallarinos	Carbajalinos	18	49.101	206	
85	506 vº	Villar de Syervos - De Diego Sarmiento	Villardeciervos	64	49.262	206	
86	506 vº	Mançanal de Enzima	Manzanal de Arriba	26	49.110	206	
87	506 vº	Melgar de Riba de Tera	Melgar de Tera	37	49.116	206	
88	506 vº	Bretoçano	Bretocino	15	49.026	206	
89	506 vº	Burgones	Burganos de Valverde	37	49.029	206	
90	506 vº	Ferreros de Abaxo	Ferreras de Abajo	34	49.066	206	
91	507 rº	Villanueva de Villaverde	Villanueva de las Peras	19	49.259	206	
92	507 rº	Morales de Valverde	id.	18	49.130	206	
93	507 rº	Moratones	id.	17	49.206	206	
94	507 rº	Grijalba	Grijalba de Vidriales	25	49.092	206	
95	507 rº	Santa María de Balverde	Santa María de Valverde	13	49.204	206	
96	507 rº	Villabeça de Valverde	Villaveza de Valverde	25	49.272	206	
97	507 rº	Bercianos de Valverde	id.	14	49.167	206	
98	507 rº	Mençareces	Micereces de Tera	21	49.117	206	
99	507 rº	Tardemeçar	Tardemezar	36	49.206	206	
100	507 rº	Villanaçar	Villanázar	23	49.256	206	
101	507 rº	Navianos	Navianos de Valverde	36	49.117	206	
102	507 rº	Pobladura de Trasmonte - Despoblado por la peste	Pobladura	15	49.236	206	
103	507 rº	Junquera - De la abadía de Santa Marta	Junquera de Tera	7	49.231	206	
104	507 rº	Santa Marta de Riba de Tera	Santa Marta de Tera	26	49.033	206	
105	507 rº	Nuez	id.	40	49.223	206	
106	507 vº	Castropeque	Castropepe	47	49.257	206	
107	507 vº	Comarçana - Es del Obispo de Astorga	Camarzana de Tera	39	49.033	207	
108	507 vº	Brete	Breto	42	49.025	207	
109	507 vº	Fuencalada	Fuente Encalada	69	49.079	207	
110	507 vº	Moçar	Mózar	14	49.256	207	
111	507 vº	Sant Juan el Nuevo	San Juanico el Nuevo	19	49.033	207	
112	507 vº	Lordemanos	id.	19	24.054	207	
113	507 vº	Figueruela	Figueruela de Abajo y Arriba	26	49.069	207	fila leida a mano: la plana no imprime el folio
114	507 vº	Villamandos	id.	22	24.211	207	fila leida a mano: la plana no imprime el folio
115	507 vº	Canpaces	Campazas	65	24.032	207	
116	507 vº	Granja de Moreruela - Del monasterio de Moreruela	id.	58	49.091	207	
118	507 vº	Sanabria - Eximida de impuestos por el Conde para que se pueble	Puebla de Sanabria	30	49.166	207	la plana intercala aqui una fila de totales, retirada del nombre: «Suma: Benavente y su tierra 3.681 | 117 Total según el O.M 3.676 | La diferencia se debe a errores en la suma o en los sumandos en los folios 505 rº y 505 vº. || Sanabria y su tierra»
119	507 vº	Pedraçales	Pedrazales	21	49.085	207	
120	508 rº	Carvajal	Carbajales de la Encomienda	36	49.062	207	
121	508 rº	Sexas	Sejas de Sanabria	26	49.112	207	
122	508 rº	Vtrera - Orden de San Juan. Encomienda de Rabales.	Utrera de la Encomienda	10	49.062	207	
123	508 rº	Varrio de Londa	Barrio de Londa	8	49.050	207	
124	508 rº	Asturianos	id.	43	49.017	207	
125	508 rº	Rio de Onor - No paga servicio	Rihonor de Castilla	13	49.145	207	
126	508 rº	Castromil	id.	14	49.094	207	
127	508 rº	Porto - Encomienda de Castroterafe	id.	--	49.162	207	
128	508 rº	Pias - Encomienda de Castroterafe	id.	--	49.154	207	
129	508 rº	Barjacoba - Encomienda de Castroterafe	id.	--	49.154	207	
131	508 rº	La Texera - No paga servicio	La Tejera	12	49.094	207	la plana intercala aqui una fila de totales, retirada del nombre: «Suma: Inscrip. 127 a 129 100 508 rº 130»
132	508 rº	Armisende	Hermisende	34	49.094	207	
133	508 rº	Quintana	Quintana de Sanabria	43	49.050	207	
134	508 rº	Padornelo	id.	14	49.100	207	
135	508 rº	Ludian	Lubián	37	49.100	207	
136	508 rº	Sant Justo	San Justo	18	49.189	207	
137	508 vº	Muelas	Muelas de los Caballeros	16	49.134	207	
138	508 vº	Andradas	Las Hedradas	5	49.100	208	
139	508 vº	Rabano	Rábano de Sanabria	--	49.189	208	
140	508 vº	Varrios de Rabano	Barrio de Rábano	--	49.189	208	
142	508 vº	Robledo	id.	10	49.166	208	la plana intercala aqui una fila de totales, retirada del nombre: «Suma: Inscrip. 139 y 140 30 508 vº 141»
143	508 vº	Serbantes y Batretas	Cervantes	18	49.179	208	
144	508 vº	Lobesnos	Lobeznos	18	49.145	208	
145	508 vº	Vngilde	Ungilde	37	49.166	208	
146	508 vº	Azeberos	Aciberos	10	49.100	208	
147	508 vº	Palacios	Palacios de Sanabria	47	49.143	208	
148	508 vº	Requexo	Requejo	33	49.174	208	
149	508 vº	Lançares	Lanseros	29	49.112	208	
150	508 vº	Vime	Vime de Sanabria	12	49.143	208	
151	508 vº	Trefacio	id.	30	49.224	208	
152	508 vº	Otero	Otero de Sanabria	24	49.143	208	
153	508 vº	Pedralbo	Pedralba de la Pradería	27	49.145	208	
154	508 vº	Villar de los Pizones	Villar de los Pisones	19	49.017	208	
155	508 vº	Castellanos	id.	17	49.179	208	
156	509 rº	Santa Cruz	Santa Cruz de Abranes	5	49.145	208	
157	509 rº	Palaçuelo	San Salvador de Palazuelo	37	49.048	208	
158	509 rº	Chanes	Chanos	18	49.100	208	
159	509 rº	San Juan de Batietas	San Juan de la Cuesta	15	49.179	208	
160	509 rº	Paramio	id.	29	49.179	208	
161	509 rº	Rionegro	Rionegrito	14	49.181	208	
162	509 rº	Donado	id.	15	49.134	208	
163	509 rº	Chaguazeda	Chaguaceda	15	49.159	208	
164	509 rº	Valdespinio	Valdespino	--	49.179	208	
165	509 rº	Lagarejos	Lagarejos de la Carballeda	--	49.017	208	
167	509 rº	Sotillo	Sotillo de Sanabria	--	49.050	208	la plana intercala aqui una fila de totales, retirada del nombre: «Suma: Inscrip. 164 y 165 20 509 rº 166»
168	509 rº	Limianos	Limianos de Sarabia	--	49.050	208	
169	509 rº	San Roman	San Román de Sanabria	--	49.050	208	
171	509 rº	Villanueva de Valrojo	id.	38	49.067	208	la plana intercala aqui una fila de totales, retirada del nombre: «Suma: Inscrip. 167 a 169 6 509 rº 170»
172	509 rº	Entrepeñas	id.	30	49.017	208	
173	509 rº	Riego	Riego de Lomba	--	49.050	208	
174	509 rº	Sant Miguel	San Miguel de Loma	--	49.050	208	
175	509  rº	Torino	ºº	--	ºº	209	
177	509  rº	Calabor	id.	15	49.145	209	la plana intercala aqui una fila de totales, retirada del nombre: «Suma: Inscrip. 173 a 175 10 509 rº 176»
178	509  rº	Trayfer	Triufé	3	49.179	209	
179	509  rº	Anta de Río de Conejos	Anta de Ríoconejos	33	49.181	209	
180	509  rº	Cernadilla	id.	18	49.048	209	
181	509  vº	Sant Pil	Sampil	2	49.179	209	
182	509  vº	Santa Maria	Val de Santa María	39	49.139	209	
183	509  vº	Terodebodas	Otero de Bodas	36	49.139	209	
184	509  vº	Castro	Castro de Sanabria	6	49.050	209	
185	509  vº	Castrolos	Castrelos	8	49.094	209	
186	509  vº	Foramontanos	Foramontanos de la Sierra	19	49.062	209	
187	509  vº	Toberos	Cobreros	--	49.050	209	
188	509  vº	Abedillo	Avedillo de Sanabria	--	49.050	209	
190	509  vº	Soso	ºº	12	ºº	209	la plana intercala aqui una fila de totales, retirada del nombre: «Suma: Inscrip. 187 y 188 15 509 vº 189»
191	509  vº	Castomil	Castromil	156	49.094	209	
192	509 vº	San Martino e Castañeyra	San Martín de Castañeda	24	49.085	209	
193	509 vº	Villanueva de la Syerra	Villanueva de la Sierra	17	49.154	209	
194	509 vº	Mançanal - No paga el Servicio	Manzanal de los Infantes	23	49.112	209	
195	509 vº	Dornillas	id.	18	49.112	209	fila recuperada a mano: la plana escribe el codigo con coma
196	509 vº	Remesal	id.	16	49.143	209	fila separada a mano de la inscripción anterior
197	510   rº	Espadanero	Espadañedo	37	49.062	209	
198	510   rº	Roças	Rozas	14	49.189	209	
199	510   rº	Ribadelago	id.	25	49.085	209	
200	510   rº	San Cebrian	San Ciprián	37	49.189	209	
201	510  rº	Vigo	id.	54	49.085	209	
202	510  rº	Murrias	Murias	25	49.224	209	
203	510  rº	Mançanal de los Braços	Manzanal de Abajo	34	49.262	209	
204	510  rº	Robleda	id.	10	49.179	209	
205	510  rº	Vilarino	Villarino de Sanabria	17	49.224	209	
206	510  rº	Villarejo	Villarejo de la Sierra	30	49.181	209	
207	510  rº	Santa Coloma	Santa Colomba de Sanabria	14	49.050	209	
208	510  rº	Valende y Covelo	Galende	16	49.085	209	
209	510   rº	Sant Miñón e Terreros	Terroso	28	49.218	209	
210	510  rº	Ylanes	Llanes	--	49.085	209	
211	510  rº	Rabanillo	id.	--	49.085	209	
212	510 rº	Cobelo	id.	--	49.085	210	
215	510 rº	Biana - No paga el Servicio	Viana del Bollo	29	32.086	210	la plana intercala aqui una fila de totales, retirada del nombre: «Suma: Sanabria y su tierra 1.907 || Tierra de Viana»
216	510 vº	Rubiales	id.	31	32.086	210	
217	510 vº	Coto de Valdetruxe	Tuje	58	32.086	210	
218	510 vº	Santiago de Tadea	id.	58	32.086	210	fila recuperada a mano: la plana escribe el codigo con coma
219	510 vº	Santa Christina	Santa Cristina	21	32.086	210	fila separada a mano de la inscripción anterior
220	510 vº	Sant Cebrian de Biana	San Cipriano	32	32.086	210	
221	510 vº	Sant Adrian de Sobera	San Adrián de Solveira	59	32.086	210	
222	510 vº	San Román de Hedroso	id.	33	32.086	210	
223	510 vº	Loçarejos, Villaseca y Pujero	San Vicente de Villaseda	15	32.086	210	
224	510 vº	Quintela de Hamuso	Quintela de Humoso	7	32.086	210	
225	510 vº	San Juan de Sant Miñón	San Juan de San Martín	34	32.086	210	
226	510 vº	Grioja	San Pedro de Grijoá	53	32.086	210	
227	510 vº	Velar de Goya	Villardegoya	4	32.086	210	
228	511 rº	Tabaçea de Hamuso	Tabazoa de Humoso	4	32.086	210	
229	511 rº	Hamoso	Humoso	3	32.086	210	
230	511 rº	Sabor	San Lorenzo de Saber	37	32.086	210	
231	511 rº	Santa María de Praça	Santa María de Pinza	30	32.086	210	
232	511 rº	Pelexeros	Pijeiros	37	32.086	210	
233	511 rº	Sant Andres de Menbribe	San Andrés de Bembibre	25	32.086	210	
235	511 rº	Mayorga - Villa	id.	555	47.084	210	la plana intercala aqui una fila de totales, retirada del nombre: «Suma: Viana y su Tierra 570 || Tierra de Mayorga»
236	511 rº	San Martín de Val de Pruevo	ºº	2	ºº	210	
237	511 rº	Villalogan	id.	28	47.084	210	
238	511 rº	Castrobol	id.	38	47.040	210	
239	511 rº	Yzague	Izagre	22	24.084	210	
240	511 rº	Sant Llorente	id.	13	47.084	210	
241	511 rº	Villanueba de Terrados	Villanueva de Terrados	5	47.084	210	
242	511 rº	Villalba	Villalba de la Loma	17	47.211	210	
243	511 rº	Villagra	id.	138	47.176	210	
244	511 rº	Sant Martín del Río	id.	20	49.250	210	
245	511 vº	Montança	Matanza	67	24.099	210	
246	511 vº	Sant Felices	Saelices de Mayorga	22	47.140	211	
248	511 vº	Villalón - Villa	Villalón de Campos	606	47.214	211	la plana intercala aqui una fila de totales, retirada del nombre: «Suma: Mayorga y su tierra 927»
249	511 vº	Castromocho - Villa	id.	317	34.053	211	
251	511 vº	Portillo - Villa, no paga el Servicio	id.	256	47.122	211	la plana intercala aqui una fila de totales, retirada del nombre: «Suma: inscripciones 248 y 249 923 || Tierra de Portillo»
252	511 vº	Rehoyo - Arrabal de Portillo	id.	202	47.122	211	
253	511 vº	Aldea de Sant Miguel	id.	59	47.006	211	
254	511 vº	El Comeso	ºº	28	ºº	211	
255	511 vº	la Pedraza	La Pedraja del Portillo	62	47.111	211	
256	511 vº	Cardiel	El Cardiel	24	47.111	211	
257	511 vº	La Parrilla	id.	83	47.110	211	
258	511 vº	Canpo Redondo	Camporredondo	49	47.032	211	
259	511 vº	Aldeamayor	Aldeamayor de San Martín	144	47.007	211	
261	512 rº	Magaña - Villa	Magaña	72	42.107	211	la plana intercala aqui una fila de totales, retirada del nombre: «Suma: Portillo y su tierra 907 || Tierra de Magaña. Pertenece a Dª Beatriz Pimentel pero va con las Tierras del Conde de Benavente en el pago del Real Servicio»
262	512 rº	Serbon	Cerbón	40	42.060	211	
263	512 rº	Ponar	Pobar	42	42.107	211	
264	512 rº	Carrascoso	Carrascosa de la Sierra	58	42.054	211	
265	512 rº	Las Fuentes	Fuentes de Magaña	50	42.092	211	
266	512 rº	Dehuellacabras	Suellacabras	48	42.175	211	
267	512 rº	Valtexeros	Valtejeros	55	42.198	211	fila recuperada a mano: la plana escribe el codigo con coma
268	512 rº	La Losilla	id.	24	42.106	211	fila separada a mano de la inscripción anterior
269	512 rº	Villarasa	Villarraso	29	42.107	211	
271	512 rº	Almança	Almanza	--	24.004	211	la plana intercala aqui una fila de totales, retirada del nombre: «Suma: Magaña y su tierra 418 || Tierra de Almanza. Pertenecía a D. Francisco Enríquez de Almança y anda en la paga del Servicio con las Tierras del Conde de Benavente»
272	512 rº	Canalejas	Canaleja	--	24.222	211	
273	512 rº	Calaberas de Abaxo	Calaveras de Abajo	--	24.035	211	
274	512 rº	Calaberas de Arriba	Calaveras de Arriba	--	24.195	211	
275	512 rº	San Pedro de Çansoles	San Pedro de Cansoles	--	34.080	212	
276	512 rº	Carrizal	id.	--	24.195	212	
277	512 rº	Villamorisca	id.	--	24.195	212	
278	512 vº	Quintanilla	Quintanilla de Almanza	--	24.052	212	
279	512 vº	La Vega	Vega de Almanza	--	24.195	212	
280	512 vº	Cabrera	Cabrera de Almanza	--	24.195	212	
281	512 vº	Espinosa	Espinosa de Almanza	--	24.195	212	
282	512 vº	Bodreganes	Mondreganes	--	24.052	212	
283	512 vº	La Riba	id.	--	24.152	212	
284	512 vº	Çebanico	Cebanico	--	24.052	212	
285	512 vº	Santa Olaje	Santa Olaja de la Acción	--	24.052	212	
286	512 vº	El Valle de Cohorcos	Corcos	--	24.052	212	
287	512 vº	Castromidarra	Castromudarra	--	24.004	212	
288	512 vº	Arayos	Arcayos	--	24.226	212	
