titular	tipo	sede	apeo_propio	folio
Pedro Barba, regidor de Benavente	particular	Benavente	si	2r
Antonio de Melgar, regidor de Benavente	particular	Benavente	si	5r
Mayorazgo de los Celis	mayorazgo	Benavente	si	11v
Monasterio de Santi Spiritus	monasterio	Benavente	si	14v
Matias Rodriguez, vecino de Milles	particular	Milles de la Polvorosa	si	18v
Capellania de Santa Ana, en Santa Maria del Azogue	capellania	Benavente	si	19r
Curato de San Juan de los Caballeros	curato	Benavente	si	19r
Curato de Santiago	curato	Benavente	si	20r
Cabildo de los clerigos de San Vicente	cabildo	Benavente	si	20v
Capellania de Nuestra Senora de la Anunciacion, fundada por los Turienzos, en Renueva	capellania	Benavente	si	24r
Iglesia de Arcos, por las tierras que antes fueron de la de Cejinas	iglesia	Arcos de la Polvorosa	si	28v
Capellania fundada por Bartolome Gullon, Misa de Alba, en Santa Maria del Azogue	capellania	Benavente	si	29v
Encomienda de San Juan de Rubiales	encomienda	Orden de San Juan	si	34r
Capellania de la Magdalena, en Santa Maria del Azogue	capellania	Benavente	si	36v
Mayorazgo de los Escobar	mayorazgo	Benavente	si	38r
Convento de Santo Domingo	convento	Benavente	si	42r
Isabel Dominguez, mujer de Marcos Bovillo	particular	Santa Colomba de las Monjas	si	42v
Convento de San Bernardo	convento	Benavente	si	43r
Cofradia de San Anton	cofradia	Benavente	si	43r
Conde de Benavente (arrotos de Su Excelencia)	senorio	Benavente	no	2v
Mayorazgo de los Enriquez	mayorazgo	Benavente	no	2v
Francisco de la Huerga, vecino de Pobladura del Valle	particular	Pobladura del Valle	no	12r
Gregorio Rubio, vecino de Santa Cristina	particular	Santa Cristina de la Polvorosa	no	13r
Herederos de Pedro Prieto	particular	no consta	no	15r
Maria Garcia, viuda, vecina de Santa Colomba	particular	Santa Colomba de las Monjas	no	19r
Herederos de Marina de las Casas	particular	no consta	no	19v
Juan Diaz, vecino de Arcos, difunto	particular	Arcos de la Polvorosa	no	24v
Fernando de Escobar, vecino de Valladolid	particular	Valladolid	no	29v
Capellania de Santa Catalina, fundada por los Turienzos, en Renueva	capellania	Benavente	no	30r
