termino	fichas_en_catalogo	AH_Nobleza	AHN	Chancilleria	Simancas	otros
Colinas de Trasmonte	17	3	6	8	0	0
Colinas de Transmonte	0	0	0	0	0	0
Colinas de Tras monte	0	0	0	0	0	0
Colinas de Tramonte	0	0	0	0	0	0
Pobladura de Trasmonte	4	0	0	4	0	0
Vecilla de Trasmonte	11	1	0	10	0	0
Becilla de Trasmonte	1	0	0	0	0	1
Villanázar	21	2	7	12	0	0
Quiruelas de Vidriales	25	10	4	10	0	1
Mózar de Valverde	2	1	1	0	0	0
Trasmonte	25	3	6	11	4	1
Valdevidriales	2	0	0	1	1	0
Valle de Vidriales	4	1	0	3	0	0
merindad de Valverde	0	0	0	0	0	0
Santa Colomba de las Monjas	0	0	0	0	0	0
Cejinas	5	4	0	1	0	0
Verdenosa	25	0	1	21	2	1
San Salvador de Villaverde	10	9	0	0	1	0
Hospital de la Piedad	25	12	4	4	5	0
Castroferrol	0	0	0	0	0	0
