signatura	digitalizado	fechas	que_es	pares_id
OSUNA,C.454,D.1	si	1592-11-19 , Roma (Italia)	Bula de papa Clemente VIII a favor de Juan Francisco Alfonso Pimentel de Herrera, [V conde-duque de Benavente], sobre el derecho de presenta...	5275288
OSUNA,C.454,D.2	si	Posterior a 1582-11-07 , s.l - Posterior a 1583-02-19	Concordia que firmaron [Juan Alfonso Pimentel de Herrera, V conde-duque de Benavente], y el concejo de Quiruelas [de Vidriales] (Zamora).	5276982
OSUNA,C.454,D.6	si	Aproximada 1499-01-01 , s.l - Aproximada 1499-12-31 , s.l	Merced a Rodrigo [Alfonso] Pimentel, [I] conde[-duque] de Benavente, del oficio de merino mayor de Valladolid.	5276746
OSUNA,C.454,D.9-11	si	Aproximada 1502-01-01 , s.l - Aproximada 1513-12-31 , s.l	Registros de las escrituras de arrendamientos de los bienes y rentas señoriales que pertenecen a [Alfonso Pimentel, II] conde[-duque] de Ben...	5277302
OSUNA,C.454,D.12-16	si	Aproximada 1509-01-01 , s.l - Aproximada 1517-12-31 , s.l	Registros de las escrituras de arrendamientos de los bienes y rentas señoriales que pertenecen a [Alfonso Pimentel, II] conde[-duque] de Ben...	5277359
OSUNA,C.454,D.17	si	1451-09-06 , Valladolid (Valladolid)	Cesión otorgada por Catalina de Villamizer a favor de Alfonso Pimentel, [III] conde de Benavente, de varios lugares en Astorga (León).	5277408
OSUNA,C.454,D.18	si	Posterior a 1480-03-20 , Mayoraga (Valladolid)	Cesión y permuta otorgada por Idan Osorio a favor de Rodrigo Alfonso Pimentel, [I] conde[-duque] de Benavente, del lugar de Mestajas (León).	5277884
OSUNA,C.454,D.19-20	si	1766-01-11 , Astorga (León) - 1766-06-04 , Astorga (León)	Informe sobre el derecho de Patronato de los Beneficios curados e Iglesias parroquiales que posee María Josefa Pimentel Téllez-Girón, XII co...	5278040
OSUNA,C.454,D.21	si	Aproximada 1766-06-01 , s.l - Aproximada 1766-07-31 , s.l	Informe sobre el derecho de Patronato de los Beneficios curados e Iglesias parroquiales que posee María Josefa Pimentel Téllez-Girón, XII co...	5278149
OSUNA,C.454,D.22-24	si	1566-08-25 , Astorga (León) - 1678-01-08 , Astorga (León)	Convenio firmado entre Luis Alfonso Pimentel, [IV] conde[-duque] de Benavente, y el concejo de La Torre del Valle (Zamora).	5278419
OSUNA,C.454,D.25	si	1680-01-02 , Betro (Zamora)	Apeo del lugar de San Hilario, en el término de Betro (Zamora).	5278492
OSUNA,C.454,D.27	si	1709-11-26 , Madrid (Madrid) - 1709-12-08 , Madrid (Madrid)	Real provisión de Felipe V a favor de Antonio Alfonso Pimentel, [X] conde[-duque] de Benavente, para percibir una parte de los diezmos en su...	5278683
OSUNA,C.454,D.28-29	si	1717-06-27 , Valladolid (Valladolid) - 1745-01-29 , Valladolid (Valladolid)	Compraventa de una casa en Valladolid, que otorgó la Cofradía y Hospital de San Jose de Valladolid a favor de [Antonio Alfonso Pimentel, X] ...	5278725
OSUNA,C.454,D.30-31	si	Posterior a 1593-10-26 , Astorga (León)	Convenio firmado entre [Juan Alfonso Pimentel de Herrera, V] conde[-duque] de Benavente, y el concejo de Quiruelas [de Vidriales] (Zamora).	5278761
OSUNA,C.454,D.35	si	1534-06-07 , Cimanes de la Vega (León) - 1535-11-07 , Cimanes de la Vega (León)	Pleito que sostuvieron los concejos de Lordemanos (León) y de Cimanes de la Vega (León), con [Antonio Alfonso Pimentel de Herrera, III] cond...	5278950
OSUNA,C.454,D.36	si	1571-09-16 , Pajares de la Lampreada (Zamora)	Compraventa otorgada por Magdalena Santos, viuda de Tome Martín, a favor de Antón Simón y Juan de Almeida.	5278997
OSUNA,C.454,D.38-39	si	1592-04-24 , León (León) - 1592-06-17 , Astorga (León)	Testimonio del pleito que Juan Alfonso Pimentel de Herrera, V] conde[-duque] de Benavente, sostuvo por el beneficio y préstamo simple de Nue...	5279097
OSUNA,C.454,D.40	si	1533-12-10 , Santistéban del Puerto (Jaén), Benavente (Zamora) - 1535-01-09 , Santistéban del Puerto (Jaén), Benavente (Zamora)	Solicitud para que [Antonio Alfonso Pimentel de Herrera, III] conde[-duque] de Benavente, arriende unas tierras en el lugar de La Torre (Jaé...	5279177
OSUNA,C.454,D.41	si	Sin fecha , s.l	Demanda presentada por Francisco Bermúdez de Torieco y Juan de Torieco contra Isabel Bermúdez por una heredad de tierra en Villanueva de Az...	5279262
OSUNA,C.454,D.42	si	Posterior a 1555-11-08 , Astorga (León)	Carpetilla vacía que conservaba el testimonio sobre los títulos de beneficios que posee [Antonio Alfonso Pimentel de Herrera, III] conde[-du...	5279397
OSUNA,C.454,D.43	si	1589-06-09 , Villafer (León)	Carpetilla vacia que contenía la escritura de donación otorgada por el concejo de Villafer (León) a favor de [Juan Alfonso Pimentel de Herre...	5279453
