anio	es_total	es_hombres	es_mujeres	nucleo_total	nucleo_hombres	nucleo_mujeres	diseminado_total	diseminado_hombres	diseminado_mujeres	instrumento
2000	403	191	212	382	183	199	21	8	13	Revision anual del Padron municipal
2001	390	187	203	370	179	191	20	8	12	Revision anual del Padron municipal
2002	381	185	196	362	177	185	19	8	11	Revision anual del Padron municipal
2003	372	182	190	354	175	179	18	7	11	Revision anual del Padron municipal
2004	376	185	191	358	178	180	18	7	11	Revision anual del Padron municipal
2005	355	175	180	337	168	169	18	7	11	Revision anual del Padron municipal
2006	345	170	175	328	163	165	17	7	10	Revision anual del Padron municipal
2007	336	164	172	319	157	162	17	7	10	Revision anual del Padron municipal
2008	339	163	176	320	155	165	19	8	11	Revision anual del Padron municipal
2009	332	165	167	314	157	157	18	8	10	Revision anual del Padron municipal
2010	322	160	162	304	152	152	18	8	10	Revision anual del Padron municipal
2011	302	150	152	284	142	142	18	8	10	Revision anual del Padron municipal
2012	301	151	150	283	143	140	18	8	10	Revision anual del Padron municipal
2013	302	153	149	284	145	139	18	8	10	Revision anual del Padron municipal
2014	287	145	142	269	137	132	18	8	10	Revision anual del Padron municipal
2015	285	148	137	267	140	127	18	8	10	Revision anual del Padron municipal
2016	278	148	130	262	141	121	16	7	9	Revision anual del Padron municipal
2017	271	142	129	254	135	119	17	7	10	Revision anual del Padron municipal
2018	256	138	118	240	131	109	16	7	9	Revision anual del Padron municipal
2019	245	134	111	230	127	103	15	7	8	Revision anual del Padron municipal
2020	245	135	110	228	126	102	17	9	8	Revision anual del Padron municipal
2021	236	131	105	219	122	97	17	9	8	Revision anual del Padron municipal
2022	234	128	106	216	119	97	18	9	9	Revision anual del Padron municipal
2023	231	126	105	222	122	100	9	4	5	Revision anual del Padron municipal
2024	222	124	98	216	122	94	6	2	4	Censo Anual de Poblacion
2025	215	118	97	209	116	93	6	2	4	Censo Anual de Poblacion
