orden	lugar	cura	fecha_notificacion	notario	respuesta	imagen_copia_1842	imagen_original_D89	observaciones
1	Mózar [de Valverde] [?]	Ldo. D. José Peláez Villarroel	1694-01-30	Francisco Domínguez	obedece, y «por el temor de las censuras» está presto a entregar el diezmo de la Casa de Rey de 1692	49	20-21	el auto de Astorga nombra «los Curas de Villaveza de Valverde, de Grijalba, Mozar y más de esta Diócesis»: el topónimo es Mózar. Es la diligencia inmediatamente anterior a la de Colinas, del mismo notario y el mismo día, y no usa la fórmula «con el respeto debido»
2	Colinas de Trasmonte	Ldo. D. Antonio García Bernardo de Quirós	1694-01-30 y 1694-05-12	Francisco Domínguez	en enero obedece «con el acatamiento debido» y APELA del despacho y sus autos; en mayo, «dixo lo oya»	49-50, 55	21, 28-29	✅ 30-IX-2026: el original la nombra ya el 30 de enero, luego el copista no añadió el nombre. ⚠️ Es la ÚNICA diligencia de todo el original que dice «acatamiento»: las demás dicen «respeto», y la copia de 1842 niveló también ésta. ★★★ El 26-V-1694 encabeza la lista de siete curas amenazados con excomunión pública (img. 34-35)
3	Grijalba	Ldo. D. Matheo de Nágera	1694-02-01	Andrés Pérez	obedece «con el respeto debido»; entregará a los alcaldes del lugar para que lo lleven a la villa de Benavente	50	21-22	
4	Santibáñez de Vidriales	Ldo. D. Antonio Bellán Osorio	1694-02-01 y 1694-05-16	Andrés Pérez	obedece «con el respeto debido»; en febrero entregará; el 16 de mayo NO SE LE ENCUENTRA: el notario va tres veces a su casa	50-51	22, 31-32	el censo de 1768 la llama «villa», y el despacho de 1694 también; su criada Antonia se niega a recibir el traslado y el notario se lo arroja al suelo
5	Ginestacio	Ldo. D. Pedro Morante de Salceda	1694-02-02 y 1694-05-18	Andrés Pérez / Roberto de Silva	obedece «con el respeto debido»; entregará, y reclama 50 reales que pagó de subsidio por dicha casa; en mayo exige traslado auténtico del despacho y carta de pago del arrendatario	52, 58	24, 33-34	✅ 30-IX-2026: la fecha de febrero, que estaba abierta, la cierra el original: «a dos días del mes de febrero»
6	la Verdenosa	Ldo. D. Santiago Fernández de Arrabalde	1694-02-02	Andrés Pérez	obedece «con el respeto debido»; los tiene a disposición del arrendatario Francisco Rodríguez Crespo, que no ha ido por ellos	52	24-25	✅ 30-IX-2026: el topónimo, que la copia dejaba en «Villa de la B… [?]», lo escribe el original «la Verdenosa» — el mismo que trae la petición del procurador. Sigue sin identificarse en el mapa de hoy · ✅✅ 3-X-2026, IDENTIFICADA (TAR-22): es VERDENOSA DE LA POLVOROSA, que en 1925 se unió con Redelga de la Polvorosa —a menos de medio kilómetro— para formar SANTA MARÍA DE LA VEGA, segregándose de Morales de Rey. La relación del obispo de Astorga de 1587 la escribe «La Verdeñosa», con 1 pila y 80 VECINOS, entre Morales de Rey y Villaferrueña, en el arciprestazgo de Páramo y Vega: era de las mayores de su arciprestazgo, de ahí el cura propio. Hoy es uno de los dos barrios de Santa María de la Vega, 42,0856 N / -5,8097, a 8,9 km al N de Colinas
7	San Román del Valle	Ldo. D. Antonio de Cabañero(s)	1694-02-03 y 1694-05-12	Andrés Pérez / Francisco Domínguez	obedece «con el respeto debido» y «por el temor de las censuras»; en mayo, «dixo lo oya»	52-53, 55	25, 29	★ en mayo responde exactamente lo mismo que el cura de Colinas, el mismo día y ante el mismo notario
8	Villaveza de Valverde	Ldo. D. Juan Montero Robledo	1694-02-07	Francisco Domínguez	obedece «con el respeto debido»; entregará los diezmos de «la casa dezmera de Rey que toca a S. E.»	53	25-26	
9	Morales de Valverde y sus anejos	Dr. D. Joseph de Urnia [?]	1694-02-07	Francisco Domínguez	entregará granados y menudos «de las casas dezmeras de Rey» del lugar y sus anejos	53	26	en 1768 sigue siendo matriz con anejos
10	San Pedro de la Viña	Ldo. D. Juan de Albar González	1694-02-20 y 1694-05-16	Andrés Pérez / Roberto de Silva	SE RESISTE dos veces: Real Provisión de la Chancillería, letras inhibitorias del metropolitano de Salamanca y apelación de las censuras	53-54, 56-57	26, 31	✅ 30-IX-2026: queda cerrada la duda «Justo/Juan». Es uno solo, y firma de su mano las dos veces: «Ju.º de Albar González» en febrero y «Juan de Albar González» en mayo. La notificación de febrero no se le hace en su lugar, sino en Santa Cristina
11	Fuente Encalada	Ldo. D. Tomás Próspero de Oña	1694-02-01 [?] y 1694-05-15	Andrés Pérez / Roberto de Silva	obedece «con el respeto debido»; acepta liquidar como heredero de D. Juan Rodríguez de la Torre; de Moratones dice que no hay recibo	51, 56	22-23, 30	⚠️ 30-IX-2026: el apellido, corregido. Firma de su mano «D.n Thomas Prospero», no «Crespo». D. Juan Rodríguez de la Torre fue cura de Rosinos y Moratones: la misma pareja de parroquias que el Censo de Aranda documenta en 1768
12	Villageriz	Ldo. D. Isidro Balado Taladriz [?]	1694-02-02	Andrés Pérez	obedece «con el respeto debido»; sólo le quedan dos corderas y un cordero, vendidos a Marcos Hernández, vecino de Moratones	51	23	✅ 30-IX-2026: el topónimo queda confirmado sobre el original. El apellido, afinado: firma de su mano «Ysidro Balado Taladriz», donde la copia se había leído «Prada Valadriz [?]». El recibo obra en poder de Domingo de Castro, dezmero de aquel año
13	Bercianos de Vidriales	Ldo. D. Juan Fierro de Losada	1694-05-15	Roberto de Silva	responde «con la moderación y respeto debido»; alega pleito pendiente ante el metropolitano de Salamanca y apela de las censuras	55-56	29	
14	Rosinos de Vidriales	—	—	—	sin notificación localizada	49	—	nombrado en la cabecera del despacho de 28-I-1694. El original escribe la lista «Curas de Rosinos de Vidriales, Villaveza de Valverde, S.n Pedro de Zamudia y más» (img. 19)
15	San Pedro de Zamudia	—	—	—	sin notificación localizada	37-38, 43	19	✅ 23-IX-2026: el topónimo queda resuelto. Se leía «Santa Cruz de Zamu…» [?]; la carpetilla de la copia de 1842 (img. 37) escribe «San Pedro de Zamudio» y el cuerpo del despacho (img. 38) y la petición del procurador (img. 43) escriben «San Pedro de Zamudia». Su cura sigue sin nombre
